region,country,business_unit_id,monthly_revenue_usd,gross_profit_margin_percent,overtime_costs_as_percent_of_payroll,client_acquisition_cost_usd,client_lifetime_value_usd,profit,net_revenue_usd
Latin America,Germany,1,158536.89,38.0,15.0,9491,943365,60244.0182,158521.89
Latin America,Germany,2,175814.21,28.1,13.8,9385,636972,49403.79301,175800.41
Europe,Japan,3,485859.24,24.1,15.0,16118,876802,117092.07684,485844.24
North America,Brazil,4,83087.02,26.9,20.2,6010,733076,22350.40838,83066.82
Latin America,Japan,5,237156.03,17.7,6.3,10177,564217,41976.61731,237149.73
Latin America,United States,6,429492.59,35.2,7.8,14714,1128666,151181.39168,429484.79
North America,Japan,7,321278.76,19.7,8.3,17691,1081918,63291.91572,321270.46
Europe,Japan,8,255884.4,15.2,23.9,17035,122729,38894.4288,255860.5
Latin America,Germany,9,87815.41,31.7,7.7,8177,402226,27837.48497,87807.71
Latin America,Germany,10,461345.36,33.1,24.2,10032,230943,152705.31416,461321.16
Asia-Pacific,Japan,11,138270.15,26.8,19.2,19191,372803,37056.4002,138250.95
Latin America,Japan,12,116766.08,30.4,17.7,14392,482266,35496.88832,116748.38
Europe,United States,13,146086.25,35.6,5.5,6031,1468085,52006.705,146080.75
North America,Brazil,14,268117.63,38.4,21.6,8736,730514,102957.16992,268096.03
Europe,Germany,15,130816.23,35.8,10.1,14742,438072,46832.21034,130806.13
North America,United States,16,430227.6,24.1,24.9,11752,700538,103684.8516,430202.7
Latin America,Japan,17,420300.16,34.2,21.8,10269,1366605,143742.65472,420278.36
Asia-Pacific,Brazil,18,66860.54,28.4,7.1,10997,1134155,18988.39336,66853.44
North America,Germany,19,322954.28,36.6,22.6,14341,657016,118201.26648,322931.68
Europe,Japan,20,152861.81,17.9,10.0,5738,733743,27362.26399,152851.81
Europe,Brazil,21,323761.29,18.6,10.1,13384,1479775,60219.59994,323751.19
Asia-Pacific,United States,22,138997.84,24.1,11.2,12778,1123193,33498.47944,138986.64
Asia-Pacific,United States,23,229964.65,24.8,5.1,11968,1396615,57031.2332,229959.55
North America,United States,24,439213.13,33.1,19.1,7292,891219,145379.54603,439194.03
Latin America,Germany,25,318425.8,23.8,6.4,5202,232527,75785.3404,318419.4
North America,Brazil,26,161113.56,33.0,23.6,12280,943824,53167.4748,161089.96
Asia-Pacific,United States,27,385834.03,39.0,16.9,7580,661203,150475.2717,385817.13
Latin America,Germany,28,395208.92,39.9,12.0,14563,742726,157688.35908,395196.92
Europe,Japan,29,421498.25,27.4,13.1,12863,290996,115490.5205,421485.15
Latin America,Germany,30,185089.17,19.9,8.5,19919,180782,36832.74483,185080.67
Europe,United States,31,371644.9,28.8,6.1,8474,1160970,107033.7312,371638.8
Asia-Pacific,Germany,32,397291.22,32.4,6.6,9904,315710,128722.35528,397284.62
Asia-Pacific,Brazil,33,463313.06,17.6,20.8,8887,572957,81543.09856,463292.26
Latin America,Japan,34,131636.19,37.5,5.8,8110,1140521,49363.57125,131630.39
Latin America,Japan,35,105583.61,15.4,20.6,17769,1298997,16259.87594,105563.01
Latin America,Japan,36,133820.74,35.8,20.2,6918,567333,47907.82492,133800.54
Asia-Pacific,Germany,37,154720.42,30.3,6.2,9614,1293038,46880.28726,154714.22
Europe,Brazil,38,206845.14,17.7,7.7,18133,1077908,36611.58978,206837.44
Asia-Pacific,United States,39,387728.5,17.5,8.7,14576,1356546,67852.4875,387719.8
Latin America,United States,40,446187.54,29.7,23.4,8117,1109371,132517.69938,446164.14
Latin America,Japan,41,376817.91,37.5,24.2,8706,51738,141306.71625,376793.71
Asia-Pacific,United States,42,169629.93,23.5,22.9,16297,549482,39863.03355,169607.03
Asia-Pacific,United States,43,390571.43,32.4,17.0,14849,1182581,126545.14332,390554.43
Latin America,Germany,44,99567.28,22.3,14.9,9103,932809,22203.50344,99552.38
Latin America,Japan,45,396056.45,36.9,15.9,12275,467162,146144.83005,396040.55
Asia-Pacific,Brazil,46,472364.38,26.5,20.3,17509,215201,125176.5607,472344.08
North America,United States,47,471269.93,18.8,18.5,15809,581746,88598.74684,471251.43
North America,United States,48,441966.52,19.5,14.7,9523,272379,86183.4714,441951.82
North America,Brazil,49,70973.04,24.6,6.6,16041,238630,17459.36784,70966.44
Latin America,United States,50,482120.87,36.7,19.9,12805,102842,176938.35929,482100.97
Asia-Pacific,Germany,51,437183.15,17.4,14.8,5328,182014,76069.8681,437168.35
Asia-Pacific,Germany,52,103750.41,38.5,19.2,13106,814295,39943.90785,103731.21
Europe,United States,53,344795.14,39.0,11.6,17262,677582,134470.1046,344783.54
Europe,Japan,54,487821.55,26.0,22.9,9830,179427,126833.603,487798.65
North America,Germany,55,263829.76,16.1,24.9,10678,1076060,42476.59136,263804.86
Asia-Pacific,Brazil,56,401651.88,17.9,9.6,7480,1176348,71895.68652,401642.28
North America,United States,57,498146.53,17.4,22.1,9598,272009,86677.49622,498124.43
Asia-Pacific,Brazil,58,224089.75,20.0,13.1,7280,649859,44817.95,224076.65
Latin America,Germany,59,73524.97,34.1,15.9,12192,1433746,25072.01477,73509.07
North America,Brazil,60,297413.21,21.4,10.6,11240,447336,63646.42694,297402.61
Europe,Germany,61,358231.52,32.6,19.9,17861,726296,116783.47552,358211.62
Europe,United States,62,215135.66,31.6,9.4,5701,913205,67982.86856,215126.26
Asia-Pacific,United States,63,115457.0,38.8,12.3,9890,536540,44797.316,115444.7
North America,United States,64,425486.22,25.8,15.8,18615,1310852,109775.44476,425470.42
North America,Germany,65,178759.58,29.0,7.0,10732,675663,51840.2782,178752.58
Latin America,Japan,66,342796.84,22.9,5.4,13605,1232563,78500.47636,342791.44
North America,Japan,67,162795.39,32.7,21.7,8274,1274641,53234.09253,162773.69
Europe,Germany,68,76951.95,31.2,13.3,18868,652003,24009.0084,76938.65
Europe,Brazil,69,151850.52,32.2,8.6,19910,220499,48895.86744,151841.92
North America,Japan,70,240913.66,38.2,6.3,17604,1200712,92029.01812,240907.36
Europe,Brazil,71,390856.45,38.0,13.9,5973,1391953,148525.451,390842.55
Asia-Pacific,Brazil,72,193373.19,25.4,14.8,8131,1389910,49116.79026,193358.39
Asia-Pacific,Germany,73,448902.24,34.9,15.4,6869,1331372,156666.88176,448886.84
Europe,Brazil,74,251153.33,21.1,19.7,19790,1164641,52993.35263,251133.63
North America,Japan,75,494427.5,23.9,20.7,16209,724762,118168.1725,494406.8
Asia-Pacific,Japan,76,471883.86,39.2,21.3,10789,196015,184978.47312,471862.56
Asia-Pacific,United States,77,340333.19,38.8,24.5,14962,60437,132049.27772,340308.69
Europe,Brazil,78,141290.32,32.5,20.9,10220,1347414,45919.354,141269.42
Asia-Pacific,United States,79,492007.76,23.4,23.7,13633,1499732,115129.81584,491984.06
Asia-Pacific,Brazil,80,281873.4,39.3,5.8,12859,1051599,110776.2462,281867.6
Latin America,Germany,81,182500.43,32.7,21.7,13784,364804,59677.64061,182478.73
Latin America,Germany,82,298408.18,36.3,16.7,16318,1140356,108322.16934,298391.48
North America,United States,83,222541.93,34.3,22.6,17951,577983,76331.88199,222519.33
Asia-Pacific,Brazil,84,58595.59,34.9,15.5,16998,129617,20449.86091,58580.09
Latin America,Germany,85,152227.34,19.6,7.0,15134,436184,29836.55864,152220.34
North America,Germany,86,82780.88,26.2,23.4,11004,1047365,21688.59056,82757.48
North America,Germany,87,234848.42,30.3,5.0,10883,730912,71159.07126,234843.42
Asia-Pacific,Brazil,88,300823.64,29.0,14.2,18234,879860,87238.8556,300809.44
Latin America,Germany,89,297690.55,18.8,13.9,10061,203721,55965.8234,297676.65
Asia-Pacific,Japan,90,357123.07,22.2,16.4,10650,951765,79281.32154,357106.67
Latin America,Germany,91,141751.21,26.9,9.3,13251,165135,38131.07549,141741.91
North America,Japan,92,478733.99,34.2,13.1,12241,575084,163727.02458,478720.89
Latin America,United States,93,432673.54,17.8,6.4,6862,1063686,77015.89012,432667.14
Asia-Pacific,United States,94,432504.46,36.0,6.4,15245,420044,155701.6056,432498.06
Latin America,United States,95,452978.8,39.9,14.0,11173,660487,180738.5412,452964.8
North America,United States,96,74270.28,37.0,8.7,16655,1448566,27480.0036,74261.58
Latin America,United States,97,368934.85,39.1,8.9,16184,259915,144253.52635,368925.95
North America,Brazil,98,325040.87,28.7,18.2,12694,163499,93286.72969,325022.67
Asia-Pacific,Germany,99,165192.03,24.6,14.4,16578,1368418,40637.23938,165177.63
Asia-Pacific,Germany,100,117640.82,29.4,13.8,12927,712654,34586.40108,117627.02
Latin America,United States,101,115345.11,31.7,18.4,16746,130087,36564.39987,115326.71
Latin America,Germany,102,193056.33,39.8,23.9,16796,434330,76836.41934,193032.43
North America,United States,103,409105.51,36.2,24.0,19046,845540,148096.19462,409081.51
North America,United States,104,444168.95,32.4,12.2,17673,432797,143910.7398,444156.75
North America,Japan,105,304315.48,20.5,21.2,9577,1249247,62384.6734,304294.28
Latin America,Japan,106,167008.22,26.7,16.2,14408,492172,44591.19474,166992.02
North America,Japan,107,242038.91,21.2,23.7,9656,219354,51312.24892,242015.21
North America,Brazil,108,154857.06,38.9,23.7,10650,560781,60239.39634,154833.36
Latin America,United States,109,64537.68,24.8,15.8,12523,1298259,16005.34464,64521.88
Latin America,Japan,110,79126.59,34.9,5.4,9948,205146,27615.17991,79121.19
North America,Japan,111,139311.52,33.0,24.3,18820,919723,45972.8016,139287.22
North America,Germany,112,282318.69,36.9,23.1,6267,1387659,104175.59661,282295.59
Latin America,Japan,113,390218.47,39.2,6.5,13708,1497777,152965.64024,390211.97
North America,Japan,114,363415.42,17.4,5.8,11411,232540,63234.28308,363409.62
Europe,United States,115,154963.52,19.6,23.0,5376,1384052,30372.84992,154940.52
North America,Brazil,116,55151.0,15.4,22.7,11873,139540,8493.254,55128.3
Latin America,Brazil,117,447515.79,28.0,22.1,18284,86013,125304.4212,447493.69
Asia-Pacific,Brazil,118,158694.49,26.2,8.2,17751,1281422,41577.95638,158686.29
Latin America,Brazil,119,149790.78,27.8,6.1,12033,535824,41641.83684,149784.68
Asia-Pacific,Japan,120,187391.42,22.1,18.9,12818,174273,41413.50382,187372.52
North America,United States,121,426780.33,16.7,17.8,7361,513653,71272.31511,426762.53
North America,Japan,122,490029.99,28.9,19.7,14887,1481616,141618.66711,490010.29
Europe,Germany,123,323285.12,29.9,11.7,8202,501101,96662.25088,323273.42
Latin America,Japan,124,289174.91,29.0,14.9,18819,637693,83860.7239,289160.01
North America,Brazil,125,381091.47,30.3,21.4,14495,1270132,115470.71541,381070.07
Asia-Pacific,United States,126,327210.94,28.8,17.4,9485,920549,94236.75072,327193.54
North America,Brazil,127,360219.47,25.9,14.8,18005,633274,93296.84273,360204.67
Europe,United States,128,348991.5,25.4,7.9,11619,1033018,88643.841,348983.6
Asia-Pacific,United States,129,302533.85,37.4,21.1,18149,270686,113147.6599,302512.75
Latin America,United States,130,377586.74,33.2,14.3,10002,352485,125358.79768,377572.44
Europe,United States,131,143320.37,35.9,23.3,16730,1333974,51452.01283,143297.07
Asia-Pacific,United States,132,451931.88,19.0,15.4,14445,477569,85867.0572,451916.48
Asia-Pacific,Germany,133,112200.05,39.9,7.9,8720,1402483,44767.81995,112192.15
North America,Japan,134,229987.73,35.7,13.4,17059,212423,82105.61961,229974.33
North America,Brazil,135,136435.55,39.2,23.4,6074,1076980,53482.7356,136412.15
North America,United States,136,279008.95,29.9,18.4,17260,913075,83423.67605,278990.55
Europe,Brazil,137,160748.82,35.2,14.4,18029,89143,56583.58464,160734.42
North America,Japan,138,109063.81,21.3,23.8,7003,950826,23230.59153,109040.01
Asia-Pacific,Japan,139,255225.91,24.2,8.9,12832,1112999,61764.67022,255217.01
Asia-Pacific,Germany,140,235860.55,37.3,6.2,5758,567361,87975.98515,235854.35
Latin America,United States,141,106184.73,32.5,23.8,15300,835747,34510.03725,106160.93
North America,Germany,142,305504.99,23.4,16.6,5219,999767,71488.16766,305488.39
Asia-Pacific,Germany,143,383580.95,34.8,10.0,18205,1205904,133486.1706,383570.95
Europe,United States,144,294746.05,15.9,16.5,19288,392973,46864.62195,294729.55
North America,Brazil,145,475578.15,20.5,9.0,15091,573346,97493.52075,475569.15
Asia-Pacific,United States,146,294322.57,26.8,19.6,9499,664494,78878.44876,294302.97
North America,Japan,147,255891.22,29.3,7.7,14492,106930,74976.12746,255883.52
Latin America,Germany,148,52073.92,30.2,8.8,10896,410624,15726.32384,52065.12
Europe,Japan,149,64523.18,18.9,11.7,18457,569845,12194.88102,64511.48
Europe,Brazil,150,456668.72,23.8,20.5,16734,1275995,108687.15536,456648.22
North America,Japan,151,199509.93,19.1,15.4,5706,592174,38106.39663,199494.53
Europe,Brazil,152,392104.45,22.8,17.3,5962,1220469,89399.8146,392087.15
North America,Germany,153,232358.92,28.6,7.5,8828,878782,66454.65112,232351.42
Latin America,United States,154,378257.32,22.8,23.6,6527,1200554,86242.66896,378233.72
North America,Brazil,155,432565.66,23.6,18.7,19168,147317,102085.49576,432546.96
North America,Germany,156,419749.88,34.2,22.0,19891,1468385,143554.45896,419727.88
Latin America,United States,157,238490.73,34.8,7.3,19226,1031569,82994.77404,238483.43
Asia-Pacific,Germany,158,441659.87,27.8,15.0,14022,1263134,122781.44386,441644.87
North America,Japan,159,304961.46,24.6,9.2,15273,1202458,75020.51916,304952.26
North America,Brazil,160,164718.31,20.2,11.6,6367,710269,33273.09862,164706.71
Latin America,Germany,161,298733.05,19.8,20.0,18162,1498227,59149.1439,298713.05
Asia-Pacific,Brazil,162,192209.69,31.5,13.8,10261,1448760,60546.05235,192195.89
North America,Brazil,163,446400.73,30.4,10.7,6283,995905,135705.82192,446390.03
North America,United States,164,472783.11,27.2,21.0,10834,614471,128597.00592,472762.11
North America,United States,165,252803.9,34.9,10.6,10710,493345,88228.5611,252793.3
Asia-Pacific,United States,166,372660.15,37.7,22.5,19620,984485,140492.87655,372637.65
Latin America,Germany,167,279327.39,38.6,7.9,5586,179019,107820.37254,279319.49
Europe,Germany,168,119775.01,20.6,17.1,18949,109611,24673.65206,119757.91
Asia-Pacific,Japan,169,323714.68,26.4,7.9,11776,366559,85460.67552,323706.78
Asia-Pacific,Japan,170,441095.83,24.8,23.1,7553,712614,109391.76584,441072.73
Latin America,Brazil,171,445648.36,17.3,10.4,5131,1294105,77097.16628,445637.96
Latin America,United States,172,161189.64,27.2,20.7,11409,494518,43843.58208,161168.94
Europe,United States,173,211371.44,29.4,9.1,10639,808502,62143.20336,211362.34
Latin America,Japan,174,208004.88,18.6,8.6,11814,272601,38688.90768,207996.28
Europe,Germany,175,99069.02,35.8,14.7,5113,748763,35466.70916,99054.32
North America,Germany,176,66523.04,29.1,8.5,13201,306246,19358.20464,66514.54
North America,Japan,177,55625.87,36.3,11.5,16041,444071,20192.19081,55614.37
Europe,United States,178,430907.2,28.4,16.2,7701,389920,122377.6448,430891.0
Latin America,Germany,179,389392.35,29.2,12.7,6838,936427,113702.5662,389379.65
Europe,Japan,180,357215.03,20.5,11.3,9841,648006,73229.08115,357203.73
North America,United States,181,63711.43,26.3,21.9,16382,1093206,16756.10609,63689.53
North America,Japan,182,446519.5,16.8,7.7,15385,530226,75015.276,446511.8
Europe,Germany,183,177441.58,29.7,19.3,19420,668411,52700.14926,177422.28
North America,Brazil,184,292982.87,33.9,24.2,12855,812175,99321.19293,292958.67
North America,Germany,185,87243.04,28.5,7.5,12125,277924,24864.2664,87235.54
North America,Japan,186,340061.06,34.9,22.3,9530,1143977,118681.30994,340038.76
North America,Japan,187,391850.94,20.2,11.0,11260,174562,79153.88988,391839.94
Asia-Pacific,Brazil,188,373769.37,37.0,23.1,18742,979966,138294.6669,373746.27
North America,Brazil,189,153237.13,39.3,22.5,10262,179489,60222.19209,153214.63
Latin America,Brazil,190,420767.59,36.8,13.9,12227,1273830,154842.47312,420753.69
Europe,Japan,191,363287.94,20.9,15.9,11863,1207474,75927.17946,363272.04
North America,Brazil,192,222588.68,17.1,24.6,9159,1098397,38062.66428,222564.08
Asia-Pacific,United States,193,328712.23,35.6,11.2,12148,511739,117021.55388,328701.03
Asia-Pacific,Germany,194,307776.66,26.4,23.9,6289,1150082,81253.03824,307752.76
Asia-Pacific,United States,195,421378.33,22.2,21.5,8735,493734,93545.98926,421356.83
Europe,United States,196,175523.98,25.9,13.0,15453,226666,45460.71082,175510.98
Latin America,Japan,197,235234.07,33.8,23.8,14863,938770,79509.11566,235210.27
Asia-Pacific,Germany,198,375463.6,30.0,10.2,10788,279864,112639.08,375453.4
Asia-Pacific,United States,199,487297.35,24.3,6.6,8983,308303,118413.25605,487290.75
Europe,Germany,200,381852.82,18.1,7.7,14290,752725,69115.36042,381845.12
Asia-Pacific,United States,201,322884.27,29.0,24.0,15129,889693,93636.4383,322860.27
Europe,United States,202,148153.41,22.8,10.3,7025,1051569,33778.97748,148143.11
Latin America,Germany,203,382584.8,16.2,15.7,19460,666833,61978.7376,382569.1
North America,Brazil,204,380776.86,38.9,20.3,15355,589756,148122.19854,380756.56
North America,Germany,205,62425.34,28.0,20.9,17727,893169,17479.0952,62404.44
Asia-Pacific,United States,206,79717.43,19.5,10.9,5459,1013202,15544.89885,79706.53
North America,United States,207,62434.79,29.6,8.4,10531,1457780,18480.69784,62426.39
Latin America,United States,208,441410.77,39.5,8.8,17736,239255,174357.25415,441401.97
Latin America,Germany,209,160369.56,27.8,18.4,10090,397392,44582.73768,160351.16
Europe,Japan,210,295199.43,39.3,15.3,16743,1318221,116013.37599,295184.13
North America,Germany,211,196264.63,21.2,6.5,19288,393743,41608.10156,196258.13
Asia-Pacific,Japan,212,138666.25,33.6,10.3,6717,1105159,46591.86,138655.95
Latin America,United States,213,389657.9,18.2,23.6,9323,156841,70917.7378,389634.3
Europe,Germany,214,122279.73,37.8,13.3,12009,922027,46221.73794,122266.43
North America,Brazil,215,345988.86,39.1,11.8,17806,939213,135281.64426,345977.06
North America,Brazil,216,398116.7,38.3,13.0,13640,616107,152478.6961,398103.7
Latin America,United States,217,84588.58,23.7,9.4,17834,53190,20047.49346,84579.18
Europe,Japan,218,194438.76,27.1,24.8,14051,472400,52692.90396,194413.96
Asia-Pacific,United States,219,99122.09,34.1,20.1,12193,978113,33800.63269,99101.99
Latin America,Japan,220,89485.59,18.7,21.6,9329,1313450,16733.80533,89463.99
North America,United States,221,147139.83,33.0,24.3,8741,267832,48556.1439,147115.53
Europe,Germany,222,426367.52,26.4,21.5,5317,79504,112561.02528,426346.02
Latin America,United States,223,170579.12,21.7,25.0,13326,1192581,37015.66904,170554.12
Latin America,United States,224,129254.06,20.0,22.2,8959,109282,25850.812,129231.86
Europe,Brazil,225,417315.3,35.0,17.8,18387,929744,146060.355,417297.5
Asia-Pacific,United States,226,484659.31,28.7,25.0,9718,907835,139097.22197,484634.31
Latin America,United States,227,146648.17,16.6,21.6,16983,1054848,24343.59622,146626.57
North America,United States,228,254137.34,19.4,22.3,7129,1308949,49302.64396,254115.04
Latin America,Brazil,229,455290.72,25.7,24.5,11166,1342133,117009.71504,455266.22
Latin America,Japan,230,425504.71,28.7,24.8,6637,505067,122119.85177,425479.91
Asia-Pacific,Germany,231,97768.13,33.0,24.1,17027,981769,32263.4829,97744.03
Asia-Pacific,Japan,232,274251.91,28.9,17.3,17873,66337,79258.80199,274234.61
North America,United States,233,376342.29,31.9,6.3,11082,538337,120053.19051,376335.99
Latin America,Germany,234,124070.67,31.3,23.5,13141,318162,38834.11971,124047.17
Asia-Pacific,Germany,235,105596.33,22.5,17.8,14200,539083,23759.17425,105578.53
Europe,Germany,236,223922.93,32.2,15.7,18208,778502,72103.18346,223907.23
North America,United States,237,118108.65,33.9,21.0,7537,928471,40038.83235,118087.65
Asia-Pacific,United States,238,404487.24,17.0,10.3,18177,572429,68762.8308,404476.94
North America,Brazil,239,152868.26,19.0,15.7,12911,569673,29044.9694,152852.56
Europe,Brazil,240,74493.96,36.0,17.8,9590,493386,26817.8256,74476.16
Latin America,Germany,241,395441.02,30.0,11.4,16390,1220412,118632.306,395429.62
Europe,Brazil,242,219631.37,21.6,19.6,16539,364811,47440.37592,219611.77
North America,Germany,243,298048.0,34.9,6.6,17823,607741,104018.752,298041.4
Asia-Pacific,Japan,244,385011.41,40.0,16.1,7991,1334887,154004.564,384995.31
Europe,United States,245,288861.41,38.4,8.3,10851,1309471,110922.78144,288853.11
Asia-Pacific,Germany,246,197291.71,29.8,5.1,15470,494427,58792.92958,197286.61
Europe,Germany,247,491965.74,34.8,5.2,14904,314191,171204.07752,491960.54
Latin America,Brazil,248,375123.11,19.7,21.4,19800,1254113,73899.25267,375101.71
Latin America,Japan,249,150721.91,27.6,7.6,9019,707108,41599.24716,150714.31
North America,Brazil,250,180739.75,37.6,6.8,8572,89961,67958.146,180732.95
Europe,United States,251,289322.49,35.4,12.2,5793,1265391,102420.16146,289310.29
Latin America,Brazil,252,340549.25,24.6,18.6,16880,471895,83775.1155,340530.65
North America,United States,253,110557.44,17.8,20.4,8842,648872,19679.22432,110537.04
Asia-Pacific,Germany,254,163284.09,31.0,9.6,6374,1348436,50618.0679,163274.49
North America,Brazil,255,353573.62,32.3,8.3,15319,1159066,114204.27926,353565.32
North America,Germany,256,374973.67,38.1,20.2,11215,557883,142864.96827,374953.47
Latin America,United States,257,497148.85,22.8,9.1,5374,230327,113349.9378,497139.75
Asia-Pacific,United States,258,356056.69,15.1,18.6,17973,1129952,53764.56019,356038.09
Asia-Pacific,Japan,259,201776.44,39.2,24.8,16178,1404884,79096.36448,201751.64
Europe,Germany,260,375766.24,22.5,24.1,17412,945871,84547.404,375742.14
Latin America,Brazil,261,345485.85,30.8,7.2,8791,784647,106409.6418,345478.65
Europe,Japan,262,91511.42,21.3,8.4,11987,1498527,19491.93246,91503.02
Europe,Germany,263,381519.0,17.7,22.7,19471,1306872,67528.863,381496.3
Asia-Pacific,Japan,264,80967.26,21.1,13.4,6990,1137598,17084.09186,80953.86
North America,Brazil,265,424721.39,39.7,22.6,13757,766198,168614.39183,424698.79
Latin America,Germany,266,191177.27,34.7,13.1,10765,442642,66338.51269,191164.17
North America,Germany,267,195388.26,27.1,15.5,13290,930920,52950.21846,195372.76
Europe,United States,268,399235.77,38.6,13.3,9174,624409,154105.00722,399222.47
Asia-Pacific,Germany,269,216451.31,16.9,20.9,12972,1457071,36580.27139,216430.41
Latin America,Brazil,270,102003.93,24.9,9.4,8609,444757,25398.97857,101994.53
Europe,Japan,271,175520.01,33.5,19.9,7257,1237386,58799.20335,175500.11
Latin America,Brazil,272,231069.22,25.5,12.1,8565,1104628,58922.6511,231057.12
Asia-Pacific,Japan,273,94921.53,26.1,20.1,13031,739349,24774.51933,94901.43
Asia-Pacific,Brazil,274,470918.21,32.0,14.0,5398,336183,150693.8272,470904.21
Asia-Pacific,Germany,275,353078.35,38.6,10.1,14132,679930,136288.2431,353068.25
Latin America,Germany,276,115187.67,27.4,15.4,6021,423177,31561.42158,115172.27
Latin America,Japan,277,50140.07,22.7,22.3,13651,1111977,11381.79589,50117.77
Asia-Pacific,Japan,278,86190.4,23.0,16.5,9247,1376487,19823.792,86173.9
Europe,United States,279,426407.43,17.8,8.9,9513,426945,75900.52254,426398.53
Asia-Pacific,Brazil,280,192319.41,31.0,14.3,9223,468535,59619.0171,192305.11
Asia-Pacific,Brazil,281,280390.12,31.6,18.6,10897,575963,88603.27792,280371.52
Europe,Japan,282,304715.32,26.0,23.2,14580,695030,79225.9832,304692.12
Asia-Pacific,United States,283,256906.07,21.5,23.3,14600,839149,55234.80505,256882.77
Europe,Brazil,284,429069.68,26.1,14.9,13447,1238486,111987.18648,429054.78
North America,Japan,285,64380.23,32.7,16.5,17168,1202354,21052.33521,64363.73
Latin America,Japan,286,298060.75,17.5,5.3,17895,404133,52160.63125,298055.45
Europe,Japan,287,253366.91,34.5,24.8,19487,702668,87411.58395,253342.11
North America,Brazil,288,496138.44,21.7,12.7,6169,1374712,107662.04148,496125.74
Europe,Brazil,289,274075.63,35.9,24.4,7780,1201626,98393.15117,274051.23
Europe,United States,290,144477.37,30.4,21.6,18574,467123,43921.12048,144455.77
North America,Germany,291,303084.99,22.5,5.1,17074,266961,68194.12275,303079.89
North America,Brazil,292,182928.53,24.5,11.9,10669,410279,44817.48985,182916.63
North America,Japan,293,492681.88,38.8,12.7,19991,1447781,191160.56944,492669.18
North America,Japan,294,434843.72,23.7,10.5,7320,1406433,103057.96164,434833.22
North America,United States,295,225652.01,15.0,17.0,18699,591892,33847.8015,225635.01
North America,Brazil,296,330031.46,23.2,24.2,13278,147771,76567.29872,330007.26
Europe,Germany,297,64322.27,22.5,12.1,13813,1279090,14472.51075,64310.17
Latin America,Germany,298,179331.96,23.1,23.6,12734,519004,41425.68276,179308.36
Latin America,Japan,299,238555.49,33.7,18.8,15268,1153557,80393.20013,238536.69
North America,United States,300,280839.62,22.3,22.1,11479,60714,62627.23526,280817.52
Latin America,United States,301,82259.12,34.4,20.2,10405,616997,28297.13728,82238.92
Europe,United States,302,374376.6,21.3,17.9,7029,375682,79742.2158,374358.7
Europe,Germany,303,195370.29,33.0,5.7,6103,655591,64472.1957,195364.59
North America,Japan,304,219474.08,22.3,15.6,18436,706156,48942.71984,219458.48
Latin America,United States,305,140195.88,26.1,20.7,18619,1433372,36591.12468,140175.18
North America,United States,306,248372.14,24.5,11.3,15806,505555,60851.1743,248360.84
Asia-Pacific,Brazil,307,50515.81,30.9,9.7,6994,312971,15609.38529,50506.11
Asia-Pacific,Japan,308,135057.52,32.7,8.3,17157,1264531,44163.80904,135049.22
Latin America,Germany,309,55574.16,21.9,11.2,10621,125773,12170.74104,55562.96
Europe,United States,310,304190.96,38.8,13.0,12895,94229,118026.09248,304177.96
North America,United States,311,224355.26,31.4,6.0,7605,1090659,70447.55164,224349.26
Latin America,Brazil,312,135621.39,16.1,16.7,13811,1112052,21835.04379,135604.69
Asia-Pacific,Japan,313,257299.74,20.0,15.0,8171,1418329,51459.948,257284.74
Europe,Germany,314,465254.36,25.5,17.9,10441,347428,118639.8618,465236.46
North America,Germany,315,293135.1,32.6,14.2,8497,1223846,95562.0426,293120.9
North America,Germany,316,203070.3,20.6,23.1,6384,529620,41832.4818,203047.2
North America,Germany,317,452642.15,20.4,10.0,19009,1459965,92338.9986,452632.15
Asia-Pacific,Brazil,318,186692.7,34.6,17.8,11038,239045,64595.6742,186674.9
Latin America,Brazil,319,394290.01,34.7,24.2,5379,1136768,136818.63347,394265.81
Asia-Pacific,Germany,320,75561.67,16.8,17.2,16081,690151,12694.36056,75544.47
North America,Japan,321,192328.25,25.1,23.7,19413,1439589,48274.39075,192304.55
Latin America,Japan,322,289700.88,26.4,14.2,5352,179898,76481.03232,289686.68
North America,United States,323,154088.96,27.2,21.6,12686,1113037,41912.19712,154067.36
Asia-Pacific,United States,324,173774.25,33.3,21.2,13737,173452,57866.82525,173753.05
North America,Brazil,325,302565.93,19.5,23.4,8461,51050,59000.35635,302542.53
Asia-Pacific,Japan,326,165564.51,32.8,16.3,16218,1438266,54305.15928,165548.21
Latin America,Germany,327,165599.96,33.4,9.4,19301,1041180,55310.38664,165590.56
Latin America,Japan,328,491532.85,18.8,12.0,18961,838677,92408.1758,491520.85
Latin America,Japan,329,232201.4,37.7,13.1,7264,989289,87539.9278,232188.3
North America,Japan,330,199716.21,20.6,5.2,9903,712025,41141.53926,199711.01
Europe,United States,331,283061.2,32.7,22.2,19101,245506,92561.0124,283039.0
Europe,Brazil,332,152596.54,16.1,8.4,7286,1184681,24568.04294,152588.14
Europe,United States,333,202946.6,35.3,21.4,5741,1473724,71640.1498,202925.2
Latin America,United States,334,354974.05,28.3,8.8,9240,295597,100457.65615,354965.25
Asia-Pacific,Japan,335,431980.36,20.8,6.2,12851,1356559,89851.91488,431974.16
Europe,Germany,336,343627.46,26.6,21.3,9244,229854,91404.90436,343606.16
Europe,Brazil,337,62293.25,25.6,9.2,12533,1333981,15947.072,62284.05
Asia-Pacific,Japan,338,357169.36,36.4,18.6,18767,942868,130009.64704,357150.76
Europe,United States,339,67211.32,30.0,23.2,8287,907057,20163.396,67188.12
Asia-Pacific,Japan,340,402975.42,25.1,13.5,6425,900239,101146.83042,402961.92
North America,United States,341,53615.07,27.4,6.3,7300,1449265,14690.52918,53608.77
North America,United States,342,336433.26,37.0,12.5,8801,1046521,124480.3062,336420.76
Europe,Brazil,343,113533.5,32.6,21.9,15990,574794,37011.921,113511.6
Latin America,Germany,344,389783.96,35.9,15.0,18758,747030,139932.44164,389768.96
Asia-Pacific,Germany,345,62519.41,17.3,16.3,15244,520431,10815.85793,62503.11
North America,Brazil,346,436916.19,20.4,17.1,11928,1471982,89130.90276,436899.09
Europe,Germany,347,278340.59,29.6,9.3,15927,1178971,82388.81464,278331.29
Latin America,United States,348,384695.6,28.4,6.6,17153,1466103,109253.5504,384689.0
Europe,Germany,349,496998.45,37.1,23.9,13364,887294,184386.42495,496974.55
North America,Brazil,350,387019.78,30.0,9.1,8355,958610,116105.934,387010.68
North America,Japan,351,391770.52,22.2,16.3,12265,1336754,86973.05544,391754.22
North America,Germany,352,50909.01,26.2,20.6,6894,365078,13338.16062,50888.41
Asia-Pacific,Japan,353,229478.97,21.6,15.8,12034,1097909,49567.45752,229463.17
Europe,Japan,354,100660.46,19.8,18.5,12167,289892,19930.77108,100641.96
Europe,Japan,355,349622.16,23.3,11.8,9085,108723,81461.96328,349610.36
North America,Germany,356,348341.45,31.5,11.7,10928,356940,109727.55675,348329.75
Europe,Japan,357,133028.53,22.3,9.4,5489,1479923,29665.36219,133019.13
Asia-Pacific,Brazil,358,152183.77,22.5,21.4,10995,513533,34241.34825,152162.37
Latin America,Germany,359,243489.6,36.1,16.9,13068,737958,87899.7456,243472.7
North America,Germany,360,488634.87,16.2,15.9,14200,849047,79158.84894,488618.97
North America,Japan,361,239255.72,18.6,23.2,14948,659620,44501.56392,239232.52
Asia-Pacific,Germany,362,260937.09,16.5,13.3,8197,1198519,43054.61985,260923.79
Latin America,Brazil,363,382971.43,39.1,10.8,18081,58576,149741.82913,382960.63
Europe,Japan,364,75468.26,36.3,10.2,12410,181451,27394.97838,75458.06
North America,Japan,365,106181.79,20.5,11.1,6829,1444685,21767.26695,106170.69
North America,United States,366,293498.79,22.7,12.9,9073,1185479,66624.22533,293485.89
Europe,Brazil,367,389720.75,22.6,12.3,6316,279237,88076.8895,389708.45
North America,Brazil,368,54031.07,30.6,21.7,5924,1076044,16533.50742,54009.37
Latin America,Japan,369,192712.44,30.7,24.9,9014,167480,59162.71908,192687.54
Asia-Pacific,Japan,370,241216.05,34.1,16.4,8598,527650,82254.67305,241199.65
Asia-Pacific,Brazil,371,129742.49,17.9,14.8,8292,96474,23223.90571,129727.69
Asia-Pacific,Brazil,372,381768.59,16.5,15.3,14439,1317223,62991.81735,381753.29
North America,United States,373,325084.32,39.9,19.9,16017,290340,129708.64368,325064.42
North America,United States,374,432166.15,29.5,14.6,5684,52609,127489.01425,432151.55
Latin America,Japan,375,432746.66,15.2,18.4,14275,1307859,65777.49232,432728.26
Latin America,United States,376,301757.84,32.2,8.4,14021,1255196,97166.02448,301749.44
Latin America,United States,377,390179.69,35.1,20.7,13354,497853,136953.07119,390158.99
Europe,Japan,378,327687.49,37.3,23.9,17394,1177914,122227.43377,327663.59
North America,Brazil,379,80272.46,26.3,8.1,14383,386679,21111.65698,80264.36
North America,United States,380,347324.63,27.5,8.0,11686,844572,95514.27325,347316.63
Asia-Pacific,Brazil,381,498767.2,15.4,19.6,6159,706873,76810.1488,498747.6
North America,United States,382,125566.0,38.0,11.8,12228,260066,47715.08,125554.2
Latin America,United States,383,178105.89,27.8,22.1,13763,727227,49513.43742,178083.79
Latin America,Japan,384,260280.43,26.9,15.4,6961,439694,70015.43567,260265.03
Europe,United States,385,259517.86,39.7,7.9,14501,569012,103028.59042,259509.96
North America,United States,386,450670.95,25.3,17.3,7999,606146,114019.75035,450653.65
North America,Brazil,387,390876.0,23.5,7.7,5079,801311,91855.86,390868.3
North America,Japan,388,473984.06,32.0,12.2,12156,784070,151674.8992,473971.86
Asia-Pacific,Japan,389,75220.41,21.6,19.5,14388,1015577,16247.60856,75200.91
Asia-Pacific,Germany,390,323349.19,27.3,20.2,15784,353816,88274.32887,323328.99
Europe,Germany,391,305727.5,30.3,11.0,19385,1376701,92635.4325,305716.5
Europe,Germany,392,468337.83,29.0,23.7,17051,403752,135817.9707,468314.13
North America,Japan,393,90742.83,28.8,19.5,11717,1016548,26133.93504,90723.33
Asia-Pacific,United States,394,123167.41,39.7,19.1,10035,527696,48897.46177,123148.31
Europe,Brazil,395,174707.83,24.0,18.5,15856,615886,41929.8792,174689.33
Latin America,United States,396,69695.98,29.4,16.2,13193,1077609,20490.61812,69679.78
Europe,Brazil,397,323692.86,21.9,18.6,14391,708808,70888.73634,323674.26
North America,Brazil,398,275363.85,39.3,7.5,19682,1335561,108217.99305,275356.35
North America,Japan,399,285895.26,19.3,14.9,8788,175229,55177.78518,285880.36
Asia-Pacific,Brazil,400,315260.27,33.4,8.1,13825,689956,105296.93018,315252.17
North America,Brazil,401,207677.61,37.7,24.3,14410,1370191,78294.45897,207653.31
North America,United States,402,136785.4,21.4,22.5,18626,525398,29272.0756,136762.9
North America,United States,403,66407.89,20.2,10.3,9435,141803,13414.39378,66397.59
Asia-Pacific,Brazil,404,350109.46,30.6,17.6,13933,871309,107133.49476,350091.86
North America,Japan,405,384431.72,35.1,20.3,9915,689257,134935.53372,384411.42
Latin America,Germany,406,222672.11,18.0,5.3,9924,734350,40080.9798,222666.81
North America,United States,407,166889.85,32.3,11.8,5553,905520,53905.42155,166878.05
Latin America,Brazil,408,69648.07,29.9,20.3,18358,863765,20824.77293,69627.77
Latin America,Japan,409,274840.02,32.7,14.9,15754,1234793,89872.68654,274825.12
Europe,Germany,410,326917.15,38.8,10.6,8457,82720,126843.8542,326906.55
Europe,Germany,411,291582.23,23.6,10.3,16589,867353,68813.40628,291571.93
North America,Germany,412,65017.76,18.3,24.1,14580,281770,11898.25008,64993.66
Latin America,Brazil,413,261104.25,35.3,22.6,5919,1406096,92169.80025,261081.65
Europe,United States,414,268137.73,36.4,23.0,19545,1494536,97602.13372,268114.73
North America,United States,415,107218.54,28.8,23.1,9319,101241,30878.93952,107195.44
North America,Germany,416,463115.22,20.4,13.9,15549,1181494,94475.50488,463101.32
North America,United States,417,299356.97,39.6,15.1,6241,430926,118545.36012,299341.87
Asia-Pacific,United States,418,301416.11,21.2,23.3,6935,390118,63900.21532,301392.81
Europe,United States,419,418396.52,35.0,13.5,13402,720907,146438.782,418383.02
Latin America,Germany,420,448073.06,15.3,17.5,5278,557020,68555.17818,448055.56
Europe,United States,421,87579.94,26.7,23.0,8074,346167,23383.84398,87556.94
North America,Japan,422,174279.25,30.2,17.2,13707,1259571,52632.3335,174262.05
Europe,Japan,423,311316.27,27.8,14.4,13409,1069471,86545.92306,311301.87
Latin America,United States,424,209194.49,30.9,11.5,7316,1047970,64641.09741,209182.99
North America,Germany,425,170168.95,32.4,22.2,8314,1164181,55134.7398,170146.75
Europe,United States,426,403364.53,21.6,13.9,15230,1484046,87126.73848,403350.63
North America,Japan,427,464311.73,22.0,20.9,6764,1208536,102148.5806,464290.83
Asia-Pacific,Japan,428,400940.68,17.4,6.2,19985,1433590,69763.67832,400934.48
Europe,Germany,429,335224.69,35.8,11.2,10576,1481783,120010.43902,335213.49
North America,Brazil,430,172928.48,20.0,19.3,19935,924387,34585.696,172909.18
Latin America,United States,431,490821.27,28.3,18.0,12348,1015354,138902.41941,490803.27
Europe,Brazil,432,246088.6,36.1,6.7,16610,1183241,88837.9846,246081.9
Europe,United States,433,204262.29,29.9,14.0,16208,691555,61074.42471,204248.29
Europe,Brazil,434,463112.28,19.4,17.3,18089,1443905,89843.78232,463094.98
Latin America,Germany,435,453917.5,24.0,23.6,17570,585513,108940.2,453893.9
North America,Germany,436,234248.24,28.2,23.4,19009,634382,66058.00368,234224.84
Asia-Pacific,Germany,437,84178.75,31.0,12.4,16975,676645,26095.4125,84166.35
Asia-Pacific,Brazil,438,447853.71,27.8,24.9,11260,925482,124503.33138,447828.81
Europe,Japan,439,218364.07,18.8,12.8,10600,1453012,41052.44516,218351.27
Asia-Pacific,Germany,440,470533.89,30.4,5.0,16837,139512,143042.30256,470528.89
North America,Japan,441,248436.68,24.9,22.6,8220,1206330,61860.73332,248414.08
North America,United States,442,88132.96,23.7,20.0,8834,54719,20887.51152,88112.96
Latin America,United States,443,81103.17,32.6,20.1,5047,502465,26439.63342,81083.07
Latin America,United States,444,368065.9,38.7,9.7,16129,782499,142441.5033,368056.2
Europe,Germany,445,308023.83,27.9,12.7,12228,157763,85938.64857,308011.13
Europe,Japan,446,335489.62,24.8,10.5,13394,1430800,83201.42576,335479.12
Latin America,Brazil,447,134160.93,35.9,16.6,10101,89026,48163.77387,134144.33
Latin America,Brazil,448,402205.97,39.6,8.8,5818,729833,159273.56412,402197.17
Latin America,Brazil,449,356256.94,29.0,21.5,15785,1414579,103314.5126,356235.44
North America,United States,450,238311.72,24.7,17.2,8083,318635,58862.99484,238294.52
Europe,Japan,451,259602.88,23.6,22.6,13591,1497617,61266.27968,259580.28
Europe,Japan,452,227856.96,19.2,20.6,6177,699216,43748.53632,227836.36
Europe,Germany,453,498218.81,38.9,15.3,7241,1032945,193807.11709,498203.51
Europe,Germany,454,213092.44,17.2,20.6,7263,711112,36651.89968,213071.84
North America,Japan,455,167308.74,32.1,20.6,18246,250521,53706.10554,167288.14
Asia-Pacific,Germany,456,219891.2,19.3,9.2,10269,1281250,42439.0016,219882.0
Europe,Germany,457,361526.42,17.3,23.4,5842,906677,62544.07066,361503.02
North America,Brazil,458,402390.58,38.0,7.4,15104,215532,152908.4204,402383.18
Asia-Pacific,Brazil,459,390610.69,34.5,16.7,10733,1205990,134760.68805,390593.99
Asia-Pacific,Brazil,460,227531.1,31.6,5.0,18622,406132,71899.8276,227526.1
Asia-Pacific,United States,461,433585.69,28.4,10.6,11568,370062,123138.33596,433575.09
Europe,Japan,462,373954.24,18.1,11.9,8240,1404729,67685.71744,373942.34
Latin America,Brazil,463,286703.21,19.4,23.4,19430,902315,55620.42274,286679.81
Asia-Pacific,United States,464,440274.62,38.3,16.6,16693,102578,168625.17946,440258.02
North America,Japan,465,303539.96,31.2,8.6,14463,939600,94704.46752,303531.36
Latin America,United States,466,108096.07,32.0,8.5,18089,206585,34590.7424,108087.57
Europe,Germany,467,93322.75,28.4,11.3,7701,765935,26503.661,93311.45
Europe,Brazil,468,125370.32,26.2,13.9,12846,897465,32847.02384,125356.42
Europe,Japan,469,319966.5,18.7,15.5,5377,968186,59833.7355,319951.0
North America,United States,470,287481.57,16.0,7.0,11470,1079269,45997.0512,287474.57
North America,Brazil,471,418565.87,23.2,16.9,12286,403382,97107.28184,418548.97
Latin America,Brazil,472,143687.78,39.3,9.3,19752,913767,56469.29754,143678.48
Latin America,Japan,473,94111.57,29.1,12.8,15895,1408691,27386.46687,94098.77
Asia-Pacific,Brazil,474,310929.33,26.9,12.8,13402,88754,83639.98977,310916.53
North America,Japan,475,210081.66,27.1,13.6,17318,844928,56932.12986,210068.06
North America,Brazil,476,266959.77,26.9,18.7,19466,1146821,71812.17813,266941.07
Europe,Brazil,477,94084.7,22.5,10.8,13451,942125,21169.0575,94073.9
Europe,Brazil,478,271051.88,22.0,9.5,8676,62378,59631.4136,271042.38
North America,United States,479,162448.2,21.9,18.6,13556,1006729,35576.1558,162429.6
North America,Brazil,480,189874.65,18.7,12.9,12763,709769,35506.55955,189861.75
North America,United States,481,416984.07,35.2,6.4,18262,660163,146778.39264,416977.67
Asia-Pacific,Germany,482,342074.9,37.6,9.2,12973,413708,128620.1624,342065.7
Asia-Pacific,Germany,483,178168.33,39.4,9.9,5927,1147294,70198.32202,178158.43
North America,Brazil,484,125704.18,38.6,11.5,16160,414649,48521.81348,125692.68
Latin America,United States,485,142540.03,33.4,23.8,14738,266212,47608.37002,142516.23
Europe,Germany,486,67153.57,27.3,12.5,5755,367298,18332.92461,67141.07
Latin America,Brazil,487,228260.93,25.2,8.3,17318,1111408,57521.75436,228252.63
North America,Japan,488,446839.92,16.1,21.8,13750,332054,71941.22712,446818.12
North America,Japan,489,198204.32,20.0,21.6,13567,799347,39640.864,198182.72
North America,Brazil,490,283648.74,19.3,12.6,19840,261665,54744.20682,283636.14
Latin America,Japan,491,303774.0,18.9,18.7,14622,1318391,57413.286,303755.3
Latin America,United States,492,288512.18,34.7,16.9,15637,789414,100113.72646,288495.28
Europe,United States,493,446518.55,18.7,14.7,8555,966618,83498.96885,446503.85
North America,United States,494,360246.74,32.0,22.6,16223,82122,115278.9568,360224.14
Latin America,Japan,495,482045.39,25.7,23.4,7929,1378497,123885.66523,482021.99
Latin America,Germany,496,60853.66,33.6,8.9,16785,1116750,20446.82976,60844.76
Europe,Germany,497,429346.41,34.2,16.6,6591,1269226,146836.47222,429329.81
Asia-Pacific,Japan,498,438251.77,35.6,20.2,14014,822313,156017.63012,438231.57
Asia-Pacific,Germany,499,69825.1,20.6,7.9,11781,1429763,14383.9706,69817.2
Asia-Pacific,Brazil,500,437067.89,32.9,19.0,9581,851048,143795.33581,437048.89
North America,United States,501,322705.51,19.8,24.9,17617,874142,63895.69098,322680.61
Latin America,United States,502,98472.78,36.5,23.5,9236,976954,35942.5647,98449.28
Europe,United States,503,263892.69,19.1,24.0,14334,66050,50403.50379,263868.69
Latin America,United States,504,365139.39,27.8,9.5,12169,864049,101508.75042,365129.89
Europe,Germany,505,103046.81,16.8,24.8,12350,497492,17311.86408,103022.01
North America,Japan,506,66073.87,37.5,21.6,10287,1168966,24777.70125,66052.27
Europe,Germany,507,361740.85,19.8,23.0,6321,888172,71624.6883,361717.85
Asia-Pacific,Germany,508,424417.68,34.2,19.5,18228,601441,145150.84656,424398.18
Asia-Pacific,Japan,509,424140.27,27.4,24.9,11543,1227471,116214.43398,424115.37
Latin America,Germany,510,175675.34,36.3,6.3,16205,305425,63770.14842,175669.04
Asia-Pacific,Brazil,511,157339.26,33.4,22.9,19717,809761,52551.31284,157316.36
Asia-Pacific,Germany,512,446943.77,20.6,20.0,14534,845037,92070.41662,446923.77
Latin America,United States,513,349296.58,22.6,22.4,16690,1083829,78941.02708,349274.18
Europe,United States,514,74416.58,16.9,21.3,5306,1187636,12576.40202,74395.28
Europe,United States,515,398075.82,27.3,20.1,19257,581502,108674.69886,398055.72
North America,Brazil,516,355605.0,33.8,9.7,18362,1361023,120194.49,355595.3
Europe,Brazil,517,63382.23,31.2,15.1,17638,1261257,19775.25576,63367.13
Asia-Pacific,Brazil,518,68674.68,18.7,21.5,9578,155090,12842.16516,68653.18
Europe,Germany,519,90790.51,28.3,9.3,14317,866081,25693.71433,90781.21
North America,Germany,520,143443.06,15.0,22.7,15099,1117879,21516.459,143420.36
Latin America,Germany,521,279657.76,22.9,15.9,5760,191936,64041.62704,279641.86
Europe,Brazil,522,114102.5,37.6,16.7,12978,392510,42902.54,114085.8
Asia-Pacific,United States,523,202712.34,20.2,10.3,5126,1492750,40947.89268,202702.04
Europe,United States,524,375676.4,21.4,23.5,7215,687219,80394.7496,375652.9
Europe,Japan,525,96235.14,22.4,21.7,15598,1022090,21556.67136,96213.44
Latin America,United States,526,142979.91,22.0,24.5,14187,634804,31455.5802,142955.41
Asia-Pacific,Japan,527,415011.3,33.7,14.7,19075,1047976,139858.8081,414996.6
North America,Brazil,528,51874.26,30.1,13.8,14006,304102,15614.15226,51860.46
Latin America,Japan,529,189545.79,18.6,13.1,18087,700109,35255.51694,189532.69
Latin America,Brazil,530,380057.2,36.5,23.5,14179,372827,138720.878,380033.7
Europe,Brazil,531,331837.96,33.2,8.8,14674,380929,110170.20272,331829.16
North America,Brazil,532,307593.75,34.2,12.5,9781,1218658,105197.0625,307581.25
Latin America,Japan,533,435690.83,15.9,14.2,14880,955363,69274.84197,435676.63
Europe,Brazil,534,239129.1,31.7,16.7,10693,163007,75803.9247,239112.4
Latin America,Brazil,535,387910.76,39.6,10.8,11449,1335671,153612.66096,387899.96
Europe,Japan,536,107102.43,20.0,18.8,13549,969717,21420.486,107083.63
Europe,Germany,537,190208.41,24.8,11.2,5171,526261,47171.68568,190197.21
Asia-Pacific,Japan,538,446281.22,26.7,21.5,7600,231346,119157.08574,446259.72
North America,Japan,539,406959.75,31.2,14.7,16707,222991,126971.442,406945.05
Asia-Pacific,Japan,540,376128.28,36.3,22.4,18802,299992,136534.56564,376105.88
Asia-Pacific,Germany,541,440764.9,32.5,7.0,14875,360301,143248.5925,440757.9
Europe,United States,542,482158.27,32.0,11.7,12693,983915,154290.6464,482146.57
Asia-Pacific,Japan,543,406075.8,24.8,22.4,5588,570390,100706.7984,406053.4
Asia-Pacific,United States,544,327059.7,30.3,15.4,15175,1291662,99099.0891,327044.3
Europe,United States,545,249825.61,38.0,15.2,8121,748611,94933.7318,249810.41
Europe,United States,546,433659.14,26.8,6.4,19036,881450,116220.64952,433652.74
Latin America,Japan,547,138074.93,15.3,7.3,13255,1142618,21125.46429,138067.63
Asia-Pacific,Germany,548,376177.97,19.5,7.7,6425,1237378,73354.70415,376170.27
Asia-Pacific,Japan,549,243727.97,15.2,16.0,11868,996856,37046.65144,243711.97
Latin America,Japan,550,464535.79,29.8,19.1,7358,255740,138431.66542,464516.69
Latin America,Brazil,551,78795.5,17.6,25.0,13243,337333,13868.008,78770.5
Asia-Pacific,Germany,552,332387.3,22.1,16.5,10656,996623,73457.5933,332370.8
Asia-Pacific,United States,553,422778.76,26.3,14.2,19787,1012752,111190.81388,422764.56
Europe,United States,554,381270.76,32.4,20.0,5550,337151,123531.72624,381250.76
North America,United States,555,260690.12,16.8,5.4,18972,1361621,43795.94016,260684.72
North America,Japan,556,92779.1,39.6,19.9,5557,602540,36740.5236,92759.2
North America,Brazil,557,176591.5,21.2,23.9,16020,396753,37437.398,176567.6
North America,Japan,558,398661.38,21.1,15.4,19273,1328909,84117.55118,398645.98
Europe,Brazil,559,105305.38,17.9,15.1,7482,1336757,18849.66302,105290.28
Asia-Pacific,Germany,560,497703.71,36.5,13.3,8777,463617,181661.85415,497690.41
North America,Germany,561,309922.54,33.1,21.3,9520,418819,102584.36074,309901.24
Europe,Japan,562,400449.06,34.2,12.8,11061,1401006,136953.57852,400436.26
North America,Germany,563,152107.63,32.0,11.7,6499,855485,48674.4416,152095.93
Latin America,United States,564,468559.45,26.2,12.1,14392,853247,122762.5759,468547.35
North America,Japan,565,72401.04,35.9,13.5,17136,1235014,25991.97336,72387.54
Asia-Pacific,Germany,566,108006.86,17.2,18.0,11880,86726,18577.17992,107988.86
Latin America,Japan,567,253538.77,21.5,7.6,17527,588316,54510.83555,253531.17
North America,Germany,568,193264.21,32.0,19.9,8554,921223,61844.5472,193244.31
Latin America,United States,569,269125.43,26.6,24.4,9410,537844,71587.36438,269101.03
North America,Germany,570,462939.25,33.9,18.2,10836,923829,156936.40575,462921.05
North America,Germany,571,215129.84,36.7,6.4,11490,405912,78952.65128,215123.44
Asia-Pacific,Germany,572,295383.55,27.3,24.6,16843,1167827,80639.70915,295358.95
Latin America,Japan,573,122945.44,25.6,10.9,18475,1050880,31474.03264,122934.54
Europe,Germany,574,64585.33,15.6,19.5,16207,547547,10075.31148,64565.83
Europe,Germany,575,259589.38,39.7,22.4,14030,877749,103056.98386,259566.98
Europe,United States,576,241951.42,35.2,5.1,11886,889260,85166.89984,241946.32
North America,United States,577,303549.02,20.8,8.2,16048,1371346,63138.19616,303540.82
Asia-Pacific,United States,578,441979.16,16.6,10.0,14154,119011,73368.54056,441969.16
Europe,United States,579,94981.09,18.2,8.5,12714,434765,17286.55838,94972.59
Latin America,Germany,580,200722.44,37.7,16.8,10095,541790,75672.35988,200705.64
Latin America,United States,581,297772.06,16.5,8.2,11711,1179277,49132.3899,297763.86
North America,Brazil,582,449363.94,21.1,10.7,15402,1475808,94815.79134,449353.24
Europe,Japan,583,159160.66,39.1,10.9,13240,1469281,62231.81806,159149.76
North America,Germany,584,265179.39,18.3,8.5,10522,65995,48527.82837,265170.89
North America,Japan,585,326601.42,28.4,15.9,7674,777139,92754.80328,326585.52
Europe,Germany,586,248372.21,39.2,6.2,9996,622424,97361.90632,248366.01
Europe,Japan,587,455697.65,24.5,5.4,18678,328015,111645.92425,455692.25
Asia-Pacific,Germany,588,435580.78,39.5,20.2,12427,1272176,172054.4081,435560.58
North America,United States,589,180761.7,29.1,5.2,10159,180850,52601.6547,180756.5
Latin America,United States,590,181372.77,21.4,19.6,9249,469588,38813.77278,181353.17
Latin America,Brazil,591,474728.95,20.3,24.7,17891,63835,96369.97685,474704.25
Europe,Germany,592,498357.83,33.5,22.6,18064,353394,166949.87305,498335.23
Europe,Brazil,593,390821.71,29.2,9.6,10191,1154524,114119.93932,390812.11
Asia-Pacific,United States,594,409550.73,35.9,8.9,12938,567818,147028.71207,409541.83
North America,Brazil,595,252926.11,30.3,15.5,16741,1292981,76636.61133,252910.61
Europe,Germany,596,190736.04,27.7,9.3,11569,1404230,52833.88308,190726.74
Europe,Japan,597,213214.25,35.1,19.0,8192,770539,74838.20175,213195.25
North America,Germany,598,118094.97,18.9,15.3,19199,738329,22319.94933,118079.67
Latin America,United States,599,122633.27,38.5,13.2,11850,481221,47213.80895,122620.07
Asia-Pacific,Japan,600,110516.2,25.0,7.6,18993,1120036,27629.05,110508.6
Latin America,Japan,601,60488.7,18.5,11.0,15829,644693,11190.4095,60477.7
Latin America,United States,602,469623.23,24.1,18.5,13185,443487,113179.19843,469604.73
North America,Germany,603,296907.46,37.0,11.4,16752,856536,109855.7602,296896.06
Latin America,Germany,604,489973.91,18.8,21.2,9024,1055861,92115.09508,489952.71
Europe,Brazil,605,355925.69,29.9,25.0,14624,381103,106421.78131,355900.69
Latin America,Brazil,606,131617.06,23.3,24.6,8427,245993,30666.77498,131592.46
Europe,Germany,607,94069.16,39.9,20.1,16615,1305386,37533.59484,94049.06
North America,Brazil,608,448868.7,16.2,7.7,17213,67276,72716.7294,448861.0
North America,Brazil,609,201231.84,31.6,6.7,9684,1445163,63589.26144,201225.14
North America,Brazil,610,247009.43,25.3,15.9,18501,546572,62493.38579,246993.53
Asia-Pacific,United States,611,151961.61,30.2,8.6,9405,766427,45892.40622,151953.01
Asia-Pacific,Japan,612,435239.75,17.3,22.1,14353,491826,75296.47675,435217.65
North America,Japan,613,238397.64,19.7,15.1,13766,734465,46964.33508,238382.54
Latin America,Japan,614,247838.01,25.5,18.6,6731,987538,63198.69255,247819.41
Europe,Brazil,615,264652.78,25.1,5.8,17428,799504,66427.84778,264646.98
Asia-Pacific,Japan,616,323780.18,26.6,7.7,15887,475227,86125.52788,323772.48
Europe,Japan,617,83725.18,33.6,11.0,14976,1197748,28131.66048,83714.18
North America,Brazil,618,213328.44,27.9,9.4,6136,1083390,59518.63476,213319.04
Asia-Pacific,Brazil,619,223626.71,18.7,8.3,19463,257851,41818.19477,223618.41
North America,Japan,620,133623.5,31.3,13.7,6197,636490,41824.1555,133609.8
Latin America,Brazil,621,372134.85,33.3,20.6,7062,1491997,123920.90505,372114.25
Latin America,Japan,622,422086.64,37.0,23.7,19614,879525,156172.0568,422062.94
Asia-Pacific,United States,623,283820.83,25.9,15.8,7835,1361508,73509.59497,283805.03
North America,Japan,624,186810.34,22.7,18.3,16280,475507,42405.94718,186792.04
North America,Japan,625,213293.79,35.4,22.7,8503,1422570,75506.00166,213271.09
North America,Japan,626,342945.63,20.3,23.9,11435,255876,69617.96289,342921.73
Asia-Pacific,United States,627,411881.01,36.2,12.7,10292,724497,149100.92562,411868.31
North America,Japan,628,335846.33,38.0,13.8,16220,420439,127621.6054,335832.53
North America,Germany,629,121106.18,16.4,7.6,10026,930368,19861.41352,121098.58
North America,United States,630,138552.38,27.5,15.9,7409,964732,38101.9045,138536.48
Europe,United States,631,111918.75,18.6,18.3,11373,402865,20816.8875,111900.45
Latin America,Japan,632,415920.85,26.7,6.2,12211,714643,111050.86695,415914.65
North America,Germany,633,234466.52,23.1,19.4,8350,1207947,54161.76612,234447.12
Europe,Brazil,634,78365.69,24.5,14.6,13340,897027,19199.59405,78351.09
Europe,Germany,635,428887.8,40.0,5.8,19054,1462618,171555.12,428882.0
Asia-Pacific,Germany,636,386703.0,16.2,14.1,11574,1368379,62645.886,386688.9
North America,Japan,637,397994.77,21.9,21.9,11529,164716,87160.85463,397972.87
North America,Germany,638,234185.81,37.9,23.1,13991,1056655,88756.42199,234162.71
Latin America,Brazil,639,238321.71,26.9,18.7,14105,956815,64108.53999,238303.01
North America,Japan,640,359883.22,33.0,11.8,18546,190282,118761.4626,359871.42
North America,Germany,641,398033.59,33.8,13.1,7903,1049927,134535.35342,398020.49
Europe,Japan,642,111436.41,39.0,11.0,15106,304890,43460.1999,111425.41
North America,Japan,643,182618.19,21.1,22.2,15776,284710,38532.43809,182595.99
Latin America,Brazil,644,306629.16,17.9,6.2,17391,67040,54886.61964,306622.96
Latin America,Germany,645,298790.2,18.8,7.6,19106,82628,56172.5576,298782.6
North America,United States,646,366011.93,15.3,24.2,13856,610574,55999.82529,365987.73
Europe,United States,647,119985.53,35.4,16.3,18239,347327,42474.87762,119969.23
Europe,Japan,648,420173.55,29.1,24.0,11849,873597,122270.50305,420149.55
North America,Brazil,649,137433.09,34.0,8.6,9798,1205565,46727.2506,137424.49
North America,Japan,650,195439.86,39.0,11.1,18476,203291,76221.5454,195428.76
Latin America,Japan,651,252258.2,16.9,17.9,6025,568724,42631.6358,252240.3
Asia-Pacific,Brazil,652,146710.83,22.4,14.8,7310,1182236,32863.22592,146696.03
Asia-Pacific,Germany,653,450802.47,37.6,24.9,16628,115716,169501.72872,450777.57
Europe,Brazil,654,437104.79,23.4,23.8,11940,1426608,102282.52086,437080.99
Europe,United States,655,497376.96,26.6,22.6,19488,507516,132302.27136,497354.36
North America,Germany,656,148079.84,19.1,14.3,10420,824939,28283.24944,148065.54
North America,Germany,657,387066.99,24.8,19.8,17762,1084703,95992.61352,387047.19
North America,United States,658,481339.53,15.1,21.9,19810,966348,72682.26903,481317.63
North America,United States,659,137402.72,36.0,17.8,7953,1062186,49464.9792,137384.92
Europe,Japan,660,337970.42,37.6,13.1,7462,62748,127076.87792,337957.32
Asia-Pacific,Japan,661,427910.8,31.2,23.5,8723,1215807,133508.1696,427887.3
Latin America,Brazil,662,130308.24,39.1,9.2,6741,1380360,50950.52184,130299.04
Europe,Brazil,663,316644.82,17.2,15.2,5565,1119423,54462.90904,316629.62
North America,Germany,664,185786.49,24.1,17.3,5051,1352130,44774.54409,185769.19
Asia-Pacific,Germany,665,467863.93,29.3,20.5,14820,165051,137084.13149,467843.43
Europe,Brazil,666,222552.91,29.6,22.1,7263,520314,65875.66136,222530.81
Latin America,Japan,667,211363.66,27.7,20.8,19127,1248630,58547.73382,211342.86
Latin America,United States,668,280576.75,34.7,23.8,5135,172980,97360.13225,280552.95
Asia-Pacific,Brazil,669,235509.49,23.1,16.2,15457,906493,54402.69219,235493.29
Europe,Japan,670,68882.74,20.8,19.4,14149,701991,14327.60992,68863.34
Europe,United States,671,453341.08,35.4,9.5,11063,1027325,160482.74232,453331.58
Latin America,United States,672,103389.97,22.1,17.5,19732,277392,22849.18337,103372.47
North America,United States,673,367770.57,36.0,24.3,12247,56431,132397.4052,367746.27
Europe,United States,674,156400.31,31.0,10.0,16640,1087103,48484.0961,156390.31
North America,United States,675,62218.38,21.0,5.4,7457,118753,13065.8598,62212.98
Asia-Pacific,United States,676,256446.41,20.8,23.3,17561,1258353,53340.85328,256423.11
Europe,Brazil,677,430382.11,25.5,11.6,15704,1294645,109747.43805,430370.51
North America,Japan,678,152199.75,33.0,22.0,13019,268129,50225.9175,152177.75
Latin America,Germany,679,295914.1,17.4,5.4,13238,848900,51489.0534,295908.7
Europe,Germany,680,401575.86,22.7,12.1,18373,1140598,91157.72022,401563.76
Asia-Pacific,Brazil,681,142338.77,24.2,16.8,12311,354092,34445.98234,142321.97
Europe,Japan,682,64832.01,19.6,14.7,7729,881564,12707.07396,64817.31
Europe,Germany,683,410356.16,32.9,7.9,18845,1145764,135007.17664,410348.26
Asia-Pacific,Japan,684,277245.33,32.8,11.5,8383,485488,90936.46824,277233.83
Europe,Japan,685,147548.94,21.9,11.5,18192,205890,32313.21786,147537.44
Europe,Brazil,686,249251.2,24.4,18.3,12759,783369,60817.2928,249232.9
North America,Germany,687,485962.69,21.8,19.8,14857,706240,105939.86642,485942.89
Europe,Brazil,688,420909.76,22.6,11.5,19301,271445,95125.60576,420898.26
North America,Brazil,689,439880.32,36.1,18.0,12491,573207,158796.79552,439862.32
Europe,United States,690,290618.62,16.0,21.7,17143,897150,46498.9792,290596.92
Latin America,Germany,691,180978.29,22.2,11.5,5422,888974,40177.18038,180966.79
Europe,United States,692,428226.49,32.5,16.3,6716,802555,139173.60925,428210.19
Latin America,United States,693,344947.28,24.2,6.7,15664,430434,83477.24176,344940.58
Latin America,Germany,694,444753.8,31.2,21.1,10470,1447014,138763.1856,444732.7
Europe,United States,695,79112.83,17.8,17.6,8957,609417,14082.08374,79095.23
North America,Japan,696,485978.15,33.7,8.8,13281,404918,163774.63655,485969.35
Asia-Pacific,Japan,697,424541.56,22.4,20.1,14207,767624,95097.30944,424521.46
Europe,United States,698,489208.32,16.9,19.3,17625,258791,82676.20608,489189.02
Asia-Pacific,Germany,699,245541.5,26.8,22.5,17653,654559,65805.122,245519.0
Europe,Germany,700,80126.84,26.6,24.8,5506,1254381,21313.73944,80102.04
North America,United States,701,170430.85,33.1,23.4,6371,101288,56412.61135,170407.45
Europe,United States,702,439147.73,34.1,14.6,12352,701014,149749.37593,439133.13
Europe,Germany,703,365699.34,34.1,16.6,10420,1187055,124703.47494,365682.74
Asia-Pacific,Brazil,704,440958.65,39.6,14.2,10876,139439,174619.6254,440944.45
North America,Brazil,705,486949.6,38.6,8.2,6652,1083569,187962.5456,486941.4
North America,United States,706,130488.35,25.6,12.8,19851,862615,33405.0176,130475.55
Asia-Pacific,United States,707,463596.59,21.3,20.3,13362,233074,98746.07367,463576.29
Latin America,Japan,708,152352.69,28.0,16.9,8165,809581,42658.7532,152335.79
Latin America,Germany,709,325913.05,35.6,11.3,11556,1448560,116025.0458,325901.75
Europe,Germany,710,208393.35,22.8,24.4,12272,102991,47513.6838,208368.95
Europe,United States,711,73222.22,22.2,7.7,17540,1360338,16255.33284,73214.52
Asia-Pacific,Japan,712,277821.27,37.1,21.5,9121,810990,103071.69117,277799.77
Asia-Pacific,Japan,713,356506.28,39.8,19.0,6127,548250,141889.49944,356487.28
North America,United States,714,340118.32,25.7,18.0,11160,938392,87410.40824,340100.32
North America,Brazil,715,296971.89,30.0,16.7,16749,1398832,89091.567,296955.19
North America,Japan,716,382661.57,38.9,22.0,19009,1217781,148855.35073,382639.57
Latin America,Brazil,717,94934.08,36.5,10.1,9665,993842,34650.9392,94923.98
North America,Japan,718,111934.96,20.6,5.1,9902,495994,23058.60176,111929.86
North America,Germany,719,419552.75,15.7,20.1,11012,444414,65869.78175,419532.65
North America,Japan,720,131356.07,36.9,22.6,11167,366745,48470.38983,131333.47
Asia-Pacific,United States,721,249400.69,15.0,6.0,15401,671083,37410.1035,249394.69
Latin America,Germany,722,459662.73,22.5,20.0,10690,1330356,103424.11425,459642.73
Asia-Pacific,Brazil,723,307253.23,21.8,20.1,19177,452859,66981.20414,307233.13
Asia-Pacific,United States,724,431485.8,22.6,22.3,17063,133943,97515.7908,431463.5
Latin America,United States,725,475706.37,19.5,6.6,16763,1138856,92762.74215,475699.77
Asia-Pacific,Japan,726,368598.88,26.2,5.8,5011,701429,96572.90656,368593.08
Asia-Pacific,Japan,727,419126.54,20.3,24.9,10042,172865,85082.68762,419101.64
Europe,Germany,728,459987.16,19.2,7.1,19467,704479,88317.53472,459980.06
Asia-Pacific,Brazil,729,313452.17,31.9,12.0,19948,76587,99991.24223,313440.17
Asia-Pacific,Japan,730,82420.6,20.8,20.9,6047,793682,17143.4848,82399.7
Asia-Pacific,Japan,731,391504.52,28.0,24.0,17924,1386387,109621.2656,391480.52
North America,Germany,732,460970.26,22.2,9.3,18791,343270,102335.39772,460960.96
North America,Japan,733,87317.57,18.0,24.2,9780,492721,15717.1626,87293.37
Asia-Pacific,Japan,734,434358.67,37.6,16.2,9539,441811,163318.85992,434342.47
Europe,United States,735,183435.95,30.0,7.2,15384,279918,55030.785,183428.75
North America,Germany,736,484436.96,37.2,5.2,9029,1331819,180210.54912,484431.76
North America,Germany,737,191074.78,20.3,14.7,5871,328359,38788.18034,191060.08
North America,Brazil,738,95626.73,31.5,18.5,10446,154483,30122.41995,95608.23
Latin America,Germany,739,396138.37,22.3,21.4,19062,304722,88338.85651,396116.97
North America,United States,740,268841.26,39.6,22.6,14331,1262463,106461.13896,268818.66
Europe,Brazil,741,315635.31,21.1,11.9,17359,1030966,66599.05041,315623.41
Latin America,Brazil,742,267303.37,22.0,22.4,6946,890186,58806.7414,267280.97
Europe,Japan,743,405726.34,16.2,21.3,12931,715345,65727.66708,405705.04
North America,Brazil,744,140193.36,16.4,9.3,5546,751149,22991.71104,140184.06
Latin America,Germany,745,325170.27,33.5,24.4,12143,215149,108932.04045,325145.87
Latin America,United States,746,468418.6,17.4,5.1,10618,1284197,81504.8364,468413.5
Latin America,United States,747,294255.99,39.8,5.1,8755,1344102,117113.88402,294250.89
Asia-Pacific,United States,748,328415.79,27.5,17.5,15439,618658,90314.34225,328398.29
Europe,United States,749,417030.68,34.6,7.0,19243,1192051,144292.61528,417023.68
North America,United States,750,96290.25,16.3,23.4,6917,731548,15695.31075,96266.85
Asia-Pacific,Brazil,751,252904.05,31.5,20.3,16915,1310388,79664.77575,252883.75
North America,Germany,752,332544.7,33.6,12.3,9540,1482963,111735.0192,332532.4
Europe,Japan,753,152693.45,31.2,14.5,14783,976398,47640.3564,152678.95
Asia-Pacific,United States,754,474412.98,29.2,7.3,7620,181755,138528.59016,474405.68
Latin America,United States,755,181505.15,24.3,18.2,17239,1456447,44105.75145,181486.95
Latin America,Japan,756,309956.73,18.7,13.6,6377,1457845,57961.90851,309943.13
Asia-Pacific,Japan,757,329851.08,30.7,19.8,18418,77571,101264.28156,329831.28
Asia-Pacific,United States,758,302488.72,32.3,16.7,6440,507793,97703.85656,302472.02
Latin America,Germany,759,131273.36,24.8,11.0,15119,1018814,32555.79328,131262.36
North America,Germany,760,197239.45,20.2,6.5,11591,1292058,39842.3689,197232.95
Latin America,United States,761,377007.08,25.3,16.1,10222,673735,95382.79124,376990.98
Europe,Japan,762,264521.28,15.9,14.1,10916,100212,42058.88352,264507.18
Europe,United States,763,89414.89,22.1,8.8,14727,1225526,19760.69069,89406.09
Latin America,Germany,764,76514.03,22.8,10.5,16144,874071,17445.19884,76503.53
Latin America,United States,765,283631.08,15.5,21.8,19374,447003,43962.8174,283609.28
Europe,Brazil,766,403993.9,15.2,17.9,12814,243132,61407.0728,403976.0
Europe,United States,767,224417.61,31.5,16.9,12692,928636,70691.54715,224400.71
Latin America,Japan,768,466507.47,38.0,7.8,19349,1337226,177272.8386,466499.67
Asia-Pacific,Brazil,769,438834.8,37.2,6.3,17863,402709,163246.5456,438828.5
Europe,Brazil,770,178229.97,22.7,9.8,16837,1087927,40458.20319,178220.17
Europe,United States,771,266771.9,33.2,22.1,15612,884870,88568.2708,266749.8
North America,Brazil,772,125801.23,16.8,19.1,17534,919555,21134.60664,125782.13
Asia-Pacific,United States,773,396435.36,38.9,22.5,6291,1326908,154213.35504,396412.86
Asia-Pacific,Germany,774,163308.8,31.5,18.0,17674,1030478,51442.272,163290.8
Asia-Pacific,Germany,775,228939.94,22.5,12.6,16339,280215,51511.4865,228927.34
Europe,Brazil,776,129007.48,34.2,7.4,6829,1035018,44120.55816,129000.08
Latin America,Japan,777,151923.06,25.1,24.3,17539,1353360,38132.68806,151898.76
Europe,Japan,778,438062.79,27.8,6.0,18244,250586,121781.45562,438056.79
Asia-Pacific,United States,779,147260.86,29.4,5.4,5857,1298086,43294.69284,147255.46
Asia-Pacific,Japan,780,463873.12,21.3,12.2,18160,1404780,98804.97456,463860.92
Latin America,Germany,781,251838.61,31.8,13.3,15307,1064947,80084.67798,251825.31
Europe,Germany,782,129653.31,29.0,18.8,18663,512405,37599.4599,129634.51
North America,Germany,783,79703.67,36.9,13.1,17598,976135,29410.65423,79690.57
North America,Germany,784,361212.91,38.9,20.7,9246,92136,140511.82199,361192.21
North America,United States,785,166328.81,23.3,23.1,5557,621992,38754.61273,166305.71
Latin America,Germany,786,439594.34,38.6,20.5,17171,640155,169683.41524,439573.84
Latin America,United States,787,457796.51,38.1,8.1,13552,1380171,174420.47031,457788.41
Asia-Pacific,Japan,788,51877.12,15.8,5.4,5206,656847,8196.58496,51871.72
Europe,United States,789,435304.91,35.8,17.7,6183,598703,155839.15778,435287.21
Latin America,Brazil,790,239585.57,21.9,5.1,5849,806742,52469.23983,239580.47
North America,United States,791,95772.19,23.3,6.0,16014,219145,22314.92027,95766.19
Asia-Pacific,United States,792,179612.39,28.0,19.2,5790,599103,50291.4692,179593.19
North America,Brazil,793,401689.75,15.4,9.8,8972,1392792,61860.2215,401679.95
North America,Brazil,794,251418.85,17.0,24.1,13291,1322389,42741.2045,251394.75
North America,Germany,795,315248.36,34.7,5.7,11586,515398,109391.18092,315242.66
Latin America,Japan,796,225775.63,31.2,8.1,11661,353849,70441.99656,225767.53
Latin America,Brazil,797,383674.86,24.4,5.1,18705,176410,93616.66584,383669.76
Latin America,United States,798,146261.19,31.8,18.9,16104,1229928,46511.05842,146242.29
Asia-Pacific,Japan,799,274143.0,35.2,22.8,10489,210052,96498.336,274120.2
Latin America,United States,800,80600.41,19.8,24.8,11691,424955,15958.88118,80575.61
North America,Brazil,801,414629.48,25.8,21.7,11870,1030461,106974.40584,414607.78
North America,Brazil,802,237626.35,22.7,22.1,5201,1207709,53941.18145,237604.25
Asia-Pacific,Japan,803,210869.88,39.2,13.9,18651,919543,82660.99296,210855.98
North America,Brazil,804,84904.07,38.1,16.4,8460,645858,32348.45067,84887.67
Asia-Pacific,Brazil,805,88072.51,26.6,9.7,7834,1055658,23427.28766,88062.81
North America,Germany,806,399152.61,16.0,19.8,14460,1241223,63864.4176,399132.81
Asia-Pacific,United States,807,282788.92,31.0,20.5,15682,1047286,87664.5652,282768.42
North America,Germany,808,314603.05,32.7,14.0,14956,200112,102875.19735,314589.05
North America,Germany,809,389764.34,31.5,10.0,16158,320153,122775.7671,389754.34
Europe,Brazil,810,383307.29,26.7,6.2,15994,455160,102343.04643,383301.09
Asia-Pacific,Germany,811,384031.43,20.2,21.3,14847,1488214,77574.34886,384010.13
Latin America,Japan,812,262599.96,18.2,14.9,15547,1382018,47793.19272,262585.06
North America,Germany,813,406419.03,17.2,23.1,11131,243468,69904.07316,406395.93
Latin America,United States,814,402765.3,35.7,21.4,11789,118888,143787.2121,402743.9
Latin America,Germany,815,59359.18,35.4,5.0,18654,549162,21013.14972,59354.18
Asia-Pacific,Japan,816,219666.05,23.0,16.5,14273,548781,50523.1915,219649.55
Europe,Germany,817,255560.07,23.9,22.2,19752,204363,61078.85673,255537.87
Europe,United States,818,160458.62,18.7,12.4,12069,702739,30005.76194,160446.22
North America,Japan,819,114321.14,18.9,24.3,15824,1393157,21606.69546,114296.84
Europe,United States,820,117484.21,21.1,16.1,14680,575408,24789.16831,117468.11
Europe,Brazil,821,124739.35,18.9,13.1,8660,363571,23575.73715,124726.25
Europe,United States,822,414554.5,22.6,18.4,16622,1123707,93689.317,414536.1
North America,Germany,823,127378.54,20.8,14.4,8893,466594,26494.73632,127364.14
Latin America,Germany,824,208495.78,33.0,21.4,11462,55646,68803.6074,208474.38
North America,Brazil,825,233203.66,17.8,7.6,12055,1038994,41510.25148,233196.06
North America,Japan,826,258338.8,26.8,10.1,7758,1346354,69234.7984,258328.7
North America,United States,827,485405.44,32.0,13.9,12306,648715,155329.7408,485391.54
Europe,Brazil,828,411386.07,23.4,14.9,8240,259750,96264.34038,411371.17
North America,United States,829,385410.64,15.7,20.7,8687,773512,60509.47048,385389.94
Europe,Japan,830,120854.61,19.8,11.8,17748,870695,23929.21278,120842.81
Latin America,Germany,831,484273.91,20.4,13.5,12150,1262264,98791.87764,484260.41
Asia-Pacific,United States,832,390263.26,26.7,21.2,13094,875920,104200.29042,390242.06
Asia-Pacific,United States,833,379383.01,26.2,6.5,9221,1082523,99398.34862,379376.51
Latin America,Japan,834,347766.81,22.0,22.2,8641,1161141,76508.6982,347744.61
Europe,United States,835,288884.55,29.4,10.7,15968,1473028,84932.0577,288873.85
Latin America,United States,836,340882.05,25.8,21.5,14873,647182,87947.5689,340860.55
Latin America,Japan,837,205537.89,30.2,8.4,16478,276248,62072.44278,205529.49
Latin America,Germany,838,469287.3,17.8,19.2,14452,1342651,83533.1394,469268.1
North America,Germany,839,362403.07,24.7,5.6,7513,1205279,89513.55829,362397.47
Latin America,Germany,840,297804.7,21.0,6.2,11489,463154,62538.987,297798.5
Asia-Pacific,United States,841,164870.27,32.1,21.0,10612,1494710,52923.35667,164849.27
Asia-Pacific,Germany,842,69717.77,23.4,15.9,15277,1177807,16313.95818,69701.87
North America,Japan,843,136024.92,22.6,14.4,12841,120589,30741.63192,136010.52
North America,Germany,844,345927.99,34.5,15.7,12826,394805,119345.15655,345912.29
Europe,United States,845,408088.31,37.3,12.0,13777,957555,152216.93963,408076.31
Asia-Pacific,Brazil,846,207551.14,20.5,18.9,19915,1069005,42547.9837,207532.24
North America,Germany,847,270774.17,32.4,5.4,17421,1318160,87730.83108,270768.77
Latin America,Germany,848,367571.36,39.5,24.4,11332,559841,145190.6872,367546.96
Latin America,Brazil,849,296301.22,30.8,19.0,8691,1426343,91260.77576,296282.22
North America,United States,850,219991.82,38.5,19.5,8825,66713,84696.8507,219972.32
Asia-Pacific,Japan,851,482943.26,31.7,14.1,11948,237293,153093.01342,482929.16
Europe,Germany,852,342300.47,37.3,13.3,9746,1113281,127678.07531,342287.17
Asia-Pacific,Brazil,853,416707.68,26.4,21.0,10877,104743,110010.82752,416686.68
Asia-Pacific,United States,854,260438.59,21.3,19.8,13222,835670,55473.41967,260418.79
North America,United States,855,467841.41,35.8,13.9,16240,1016940,167487.22478,467827.51
Europe,United States,856,359000.65,18.2,16.0,8942,815579,65338.1183,358984.65
North America,Germany,857,143696.02,18.8,10.3,7135,223228,27014.85176,143685.72
Europe,Brazil,858,435224.7,30.0,20.5,11922,1130815,130567.41,435204.2
Asia-Pacific,United States,859,490510.31,20.3,15.9,12497,506710,99573.59293,490494.41
Asia-Pacific,Japan,860,413377.16,39.4,10.8,7352,852541,162870.60104,413366.36
Asia-Pacific,Brazil,861,486627.98,22.9,22.9,9969,327712,111437.80742,486605.08
Asia-Pacific,Brazil,862,422736.67,30.4,18.3,7484,1014174,128511.94768,422718.37
North America,Japan,863,177295.54,20.7,24.6,19297,771751,36700.17678,177270.94
Latin America,United States,864,376084.82,18.4,24.5,8115,1444086,69199.60688,376060.32
North America,Brazil,865,241880.61,27.8,22.2,10176,659192,67242.80958,241858.41
North America,United States,866,386477.32,16.1,24.6,19035,1164349,62222.84852,386452.72
Latin America,Germany,867,60628.72,22.8,14.4,19463,469334,13823.34816,60614.32
Asia-Pacific,Brazil,868,387907.53,21.1,23.0,16750,940524,81848.48883,387884.53
North America,United States,869,121850.24,21.2,21.2,16108,79403,25832.25088,121829.04
North America,Germany,870,405391.71,39.5,23.3,19774,511996,160129.72545,405368.41
Asia-Pacific,Germany,871,193040.84,30.8,8.7,14912,1305781,59456.57872,193032.14
Latin America,Japan,872,140449.61,36.9,16.3,8967,203585,51825.90609,140433.31
Europe,Brazil,873,392648.67,17.5,9.7,11812,1495664,68713.51725,392638.97
Europe,Germany,874,159865.82,27.3,6.7,16724,1498975,43643.36886,159859.12
Latin America,Brazil,875,95497.01,34.8,16.1,17586,89537,33232.95948,95480.91
North America,Japan,876,496894.28,27.0,23.5,15350,250358,134161.4556,496870.78
North America,Brazil,877,430136.26,23.2,5.9,19143,709344,99791.61232,430130.36
Latin America,Germany,878,52062.25,34.3,5.3,19739,64720,17857.35175,52056.95
Europe,United States,879,151374.16,26.5,19.9,17960,476496,40114.1524,151354.26
Europe,Brazil,880,300505.35,37.6,15.3,19386,1425357,112990.0116,300490.05
Asia-Pacific,Japan,881,215988.99,33.9,15.9,14481,672546,73220.26761,215973.09
Latin America,Brazil,882,496239.81,17.1,18.8,13638,1465516,84857.00751,496221.01
Europe,Germany,883,424565.95,34.1,21.6,17606,894063,144776.98895,424544.35
Latin America,Brazil,884,96223.25,38.5,23.9,16069,764524,37045.95125,96199.35
North America,United States,885,113974.81,34.9,24.9,14052,1453153,39777.20869,113949.91
Latin America,Brazil,886,240355.2,25.4,12.8,5304,285797,61050.2208,240342.4
Latin America,Brazil,887,371668.09,25.0,20.9,10038,964856,92917.0225,371647.19
North America,Japan,888,57084.78,38.9,20.1,7887,368253,22205.97942,57064.68
Latin America,United States,889,379197.71,26.0,20.1,8725,1008031,98591.4046,379177.61
Asia-Pacific,Japan,890,359741.0,29.3,24.7,5989,460591,105404.113,359716.3
Europe,United States,891,198244.08,26.9,18.2,10695,905143,53327.65752,198225.88
Latin America,Japan,892,385103.1,17.1,11.2,5191,505712,65852.6301,385091.9
North America,United States,893,142287.52,27.7,23.0,8752,744202,39413.64304,142264.52
Latin America,Germany,894,270287.12,29.5,18.7,9768,1367991,79734.7004,270268.42
Latin America,Germany,895,471185.14,28.4,12.6,11568,1444599,133816.57976,471172.54
Europe,United States,896,51234.58,39.7,13.2,9042,698639,20340.12826,51221.38
Europe,Japan,897,233263.29,37.9,9.2,5765,201139,88406.78691,233254.09
Asia-Pacific,Germany,898,425822.96,34.7,18.8,15747,605505,147760.56712,425804.16
North America,Japan,899,77944.81,19.8,17.5,13275,298920,15433.07238,77927.31
Europe,Germany,900,439885.0,23.1,5.4,14125,697294,101613.435,439879.6
North America,United States,901,418103.27,33.9,15.3,7643,822110,141737.00853,418087.97
North America,Japan,902,111168.16,39.7,23.1,9032,765090,44133.75952,111145.06
Latin America,Japan,903,236540.34,36.4,13.4,6532,220727,86100.68376,236526.94
North America,United States,904,160519.32,19.6,11.7,15763,585615,31461.78672,160507.62
North America,Brazil,905,330437.8,26.8,17.3,17161,984992,88557.3304,330420.5
North America,United States,906,60303.94,30.9,22.1,19871,508584,18633.91746,60281.84
Asia-Pacific,Brazil,907,167255.85,16.9,16.5,8098,1102698,28266.23865,167239.35
Latin America,Brazil,908,350823.89,20.3,12.2,9244,898425,71217.24967,350811.69
Europe,Japan,909,315342.19,35.9,9.9,19726,596908,113207.84621,315332.29
Asia-Pacific,Brazil,910,293863.43,30.4,16.5,18261,186632,89334.48272,293846.93
Asia-Pacific,Germany,911,483514.58,35.6,12.7,16590,398881,172131.19048,483501.88
Latin America,Brazil,912,80708.39,30.9,15.2,10796,389723,24938.89251,80693.19
Latin America,Brazil,913,346235.66,33.8,23.6,17072,481162,117027.65308,346212.06
Asia-Pacific,Japan,914,226465.61,34.6,10.6,19211,108859,78357.10106,226455.01
Asia-Pacific,United States,915,161034.22,16.0,15.0,5317,1447597,25765.4752,161019.22
Europe,Germany,916,78605.42,18.1,19.2,18519,995403,14227.58102,78586.22
Latin America,Japan,917,226060.97,22.1,21.9,17815,284888,49959.47437,226039.07
Asia-Pacific,Japan,918,285097.64,31.1,9.4,16649,628928,88665.36604,285088.24
Latin America,Brazil,919,320739.58,26.2,24.3,16356,1235725,84033.76996,320715.28
Latin America,Brazil,920,63011.65,29.9,13.2,5641,1282828,18840.48335,62998.45
North America,Germany,921,114940.12,39.7,5.5,16514,598274,45631.22764,114934.62
Asia-Pacific,Germany,922,399252.06,32.0,13.8,5669,160273,127760.6592,399238.26
North America,Japan,923,428019.97,15.7,21.1,19337,475227,67199.13529,427998.87
North America,United States,924,376227.63,35.5,18.9,15786,1476618,133560.80865,376208.73
Latin America,Brazil,925,117781.55,18.0,24.9,18272,84908,21200.679,117756.65
Asia-Pacific,Germany,926,410144.3,16.5,17.3,19694,129539,67673.8095,410127.0
Asia-Pacific,Brazil,927,141510.43,23.0,19.8,12523,618251,32547.3989,141490.63
North America,Brazil,928,183840.13,28.2,8.6,13666,214545,51842.91666,183831.53
Europe,Japan,929,68725.43,36.5,11.6,15390,630295,25084.78195,68713.83
North America,Brazil,930,282828.77,26.2,14.6,5784,146314,74101.13774,282814.17
Europe,Brazil,931,228328.09,30.9,9.5,7242,116919,70553.37981,228318.59
Latin America,United States,932,232509.29,22.7,9.5,12540,742776,52779.60883,232499.79
Europe,United States,933,441872.3,31.3,17.7,19218,680267,138306.0299,441854.6
Latin America,Brazil,934,201939.81,25.1,11.8,17120,738479,50686.89231,201928.01
Asia-Pacific,Brazil,935,468810.68,33.6,14.1,8736,1054265,157520.38848,468796.58
Latin America,Germany,936,276272.38,39.5,6.8,10428,529630,109127.5901,276265.58
North America,United States,937,458980.88,36.8,24.4,8089,1279032,168904.96384,458956.48
North America,Brazil,938,207918.87,34.6,13.6,10969,423760,71939.92902,207905.27
Europe,Japan,939,274129.33,21.9,14.2,16777,1401123,60034.32327,274115.13
Europe,Germany,940,429811.27,35.0,15.9,10420,299851,150433.9445,429795.37
North America,Japan,941,328264.19,18.5,14.7,9635,654026,60728.87515,328249.49
Europe,Germany,942,400171.88,36.9,22.4,7501,968554,147663.42372,400149.48
Europe,Brazil,943,149454.72,15.6,13.5,16128,1212110,23314.93632,149441.22
Europe,Brazil,944,497311.47,19.4,24.6,19067,609628,96478.42518,497286.87
North America,United States,945,108089.09,18.4,5.1,5839,738246,19888.39256,108083.99
North America,Japan,946,322450.62,20.7,5.6,19287,468224,66747.27834,322445.02
Latin America,Germany,947,240362.84,38.6,11.7,8478,1052344,92780.05624,240351.14
Europe,Germany,948,332755.47,31.9,10.8,7670,992780,106148.99493,332744.67
North America,Japan,949,207359.2,36.9,19.5,5125,388123,76515.5448,207339.7
Asia-Pacific,Germany,950,306656.76,35.3,22.2,19077,1156433,108249.83628,306634.56
Latin America,Germany,951,294293.47,19.0,14.4,11800,1327604,55915.7593,294279.07
Latin America,United States,952,349131.31,39.7,17.3,19877,189182,138605.13007,349114.01
Europe,Brazil,953,205829.38,32.6,18.2,19824,1236904,67100.37788,205811.18
Asia-Pacific,Brazil,954,391159.71,26.2,6.2,5862,1156077,102483.84402,391153.51
Asia-Pacific,Japan,955,85745.19,17.2,24.2,18835,458776,14748.17268,85720.99
North America,Germany,956,133292.47,24.7,24.5,11439,804753,32923.24009,133267.97
Europe,Japan,957,276337.52,28.3,9.3,10681,998971,78203.51816,276328.22
Europe,Germany,958,103960.2,18.7,13.1,14027,1297447,19440.5574,103947.1
Latin America,Germany,959,63140.42,38.1,11.7,19128,1359143,24056.50002,63128.72
Asia-Pacific,Germany,960,344122.51,19.8,16.3,9784,980649,68136.25698,344106.21
Asia-Pacific,United States,961,80839.05,30.6,9.0,17462,434069,24736.7493,80830.05
North America,Brazil,962,100650.58,26.4,21.9,6569,198113,26571.75312,100628.68
Latin America,United States,963,217320.68,35.5,15.7,11560,1425134,77148.8414,217304.98
Europe,United States,964,147434.54,34.8,15.6,17606,541571,51307.21992,147418.94
Latin America,United States,965,494375.85,32.3,6.4,18150,844320,159683.39955,494369.45
Europe,Germany,966,264671.29,16.4,9.7,10708,358992,43406.09156,264661.59
Europe,United States,967,466997.44,15.5,9.4,18956,842178,72384.6032,466988.04
Latin America,Germany,968,233339.16,24.9,21.7,9664,986298,58101.45084,233317.46
North America,United States,969,495085.96,32.1,16.3,13475,168317,158922.59316,495069.66
North America,United States,970,137616.81,31.3,6.1,16841,1183041,43074.06153,137610.71
Europe,Brazil,971,241894.14,39.0,7.4,17430,449111,94338.7146,241886.74
North America,Brazil,972,344127.81,39.3,20.8,15398,327663,135242.22933,344107.01
Latin America,Germany,973,148331.45,30.4,14.3,5707,161937,45092.7608,148317.15
Asia-Pacific,Brazil,974,113583.45,21.2,5.3,8324,932304,24079.6914,113578.15
Europe,United States,975,324735.29,16.3,7.1,14254,1139144,52931.85227,324728.19
Europe,Japan,976,67759.26,36.3,18.5,13585,940875,24596.61138,67740.76
Latin America,Japan,977,308204.52,17.3,16.4,8070,105232,53319.38196,308188.12
North America,Brazil,978,424092.9,31.0,13.1,16676,90774,131468.799,424079.8
North America,Brazil,979,74511.06,18.1,10.7,18953,383348,13486.50186,74500.36
Europe,Brazil,980,178239.49,30.2,19.1,19861,1095322,53828.32598,178220.39
Latin America,Brazil,981,241228.71,33.6,20.5,8796,589047,81052.84656,241208.21
Latin America,Germany,982,400793.67,39.2,8.2,15445,824753,157111.11864,400785.47
Latin America,Germany,983,276447.09,37.6,16.0,7191,553060,103944.10584,276431.09
North America,Brazil,984,159201.25,26.8,6.4,8065,1386778,42665.935,159194.85
Europe,Japan,985,138997.85,21.5,16.5,16814,308638,29884.53775,138981.35
Asia-Pacific,Japan,986,223790.07,36.0,23.1,5312,914723,80564.4252,223766.97
North America,Brazil,987,91430.62,22.2,23.1,14753,664958,20297.59764,91407.52
North America,Brazil,988,331255.47,30.1,6.7,19664,715385,99707.89647,331248.77
Latin America,Japan,989,473604.82,38.4,22.9,9108,1493713,181864.25088,473581.92
Latin America,Brazil,990,317012.61,26.4,19.0,15379,874808,83691.32904,316993.61
Latin America,United States,991,275010.08,38.9,17.8,6379,1493447,106978.92112,274992.28
Latin America,Germany,992,233009.48,30.8,14.2,8944,465316,71766.91984,232995.28
Europe,United States,993,257905.52,39.9,22.4,5476,738861,102904.30248,257883.12
Asia-Pacific,Brazil,994,128724.68,34.7,6.3,5731,143241,44667.46396,128718.38
North America,Brazil,995,346147.36,17.6,11.2,7123,1057607,60921.93536,346136.16
North America,Japan,996,130381.75,23.6,11.6,9660,325577,30770.093,130370.15
Europe,Brazil,997,314574.34,23.0,15.5,18311,487162,72352.0982,314558.84
Europe,Germany,998,364807.99,27.0,12.9,6600,1389418,98498.1573,364795.09
North America,Brazil,999,81088.95,27.8,8.7,18345,1457588,22542.7281,81080.25
Europe,Brazil,1000,184812.22,39.8,15.7,11995,585848,73555.26356,184796.52
