date,business_unit_id,district_id,compliance_audit_pass_rate_percent,monthly_legal_complaints,monthly_hr_complaints,liability_claims_this_month,total_liability_claims_value_usd,days_since_last_major_safety_incident
2/17/2020,BU-02,District-10,93.2,2,7,0,16681.31,285
1/18/2020,BU-04,District-08,77.0,1,6,3,6358.43,83
9/8/2021,BU-04,District-09,86.2,3,0,1,26431.39,298
7/9/2019,BU-02,District-10,96.6,5,6,1,20803.86,102
3/19/2021,BU-02,District-09,91.6,2,6,3,227825.88,632
7/13/2020,BU-03,District-06,72.2,4,5,1,189962.45,188
8/13/2021,BU-03,District-10,91.0,5,7,3,68298.5,582
1/22/2019,BU-04,District-09,71.6,1,5,0,20599.37,898
10/30/2020,BU-05,District-08,74.4,2,5,1,155078.63,213
1/16/2019,BU-05,District-10,86.9,4,7,3,26952.2,714
5/6/2019,BU-05,District-02,90.7,2,1,1,72152.29,873
8/9/2021,BU-05,District-06,91.8,0,1,3,13047.47,791
11/22/2020,BU-04,District-02,81.4,3,4,2,85604.44,825
12/26/2019,BU-04,District-05,79.1,4,3,2,169776.61,609
6/17/2019,BU-01,District-07,94.3,1,5,3,119582.7,290
2/7/2021,BU-02,District-05,83.1,5,5,2,107022.12,429
2/13/2020,BU-02,District-04,94.6,0,3,2,121599.15,629
10/28/2020,BU-04,District-03,70.7,2,7,1,140101.32,350
8/5/2021,BU-05,District-02,71.8,4,5,3,176591.14,395
1/4/2021,BU-02,District-04,79.9,3,5,1,216213.91,192
3/1/2019,BU-02,District-07,82.2,3,1,1,242299.5,900
10/14/2021,BU-04,District-07,70.7,2,3,0,80951.29,204
6/20/2019,BU-02,District-09,87.2,1,0,1,157029.93,722
4/8/2021,BU-04,District-07,85.0,5,5,0,55074.85,688
6/9/2019,BU-04,District-02,79.0,4,2,0,236222.77,277
2/13/2019,BU-03,District-01,71.6,5,7,0,241065.4,495
12/4/2019,BU-04,District-05,98.9,5,1,3,24366.47,217
11/5/2021,BU-02,District-08,73.1,0,6,2,96352.43,513
6/1/2019,BU-05,District-10,80.1,5,1,3,180828.91,83
7/9/2020,BU-05,District-09,73.9,0,0,3,78767.16,800
9/22/2021,BU-02,District-03,94.9,3,2,0,211394.86,740
10/6/2021,BU-03,District-02,89.7,5,6,2,171091.77,431
5/7/2020,BU-04,District-10,98.8,1,4,3,56412.99,757
12/3/2019,BU-03,District-09,94.3,4,0,2,122604.86,534
9/10/2021,BU-04,District-04,92.7,1,6,3,202685.5,75
9/19/2019,BU-01,District-04,80.3,5,7,1,242338.52,520
5/24/2021,BU-03,District-05,96.9,3,5,3,32166.45,179
5/2/2019,BU-03,District-04,98.9,4,6,0,167090.54,836
3/26/2019,BU-02,District-09,89.3,1,7,0,200485.11,173
11/20/2021,BU-02,District-08,97.4,1,3,2,122187.8,682
6/28/2019,BU-01,District-02,85.1,0,0,1,202924.71,286
1/21/2020,BU-04,District-06,95.7,3,7,1,96521.9,630
12/17/2019,BU-02,District-06,76.1,0,0,3,160740.08,693
6/16/2020,BU-04,District-08,83.9,2,6,3,62621.36,325
7/30/2020,BU-05,District-07,75.9,4,0,1,142077.11,894
12/21/2019,BU-04,District-07,85.5,2,4,3,23383.47,393
8/20/2019,BU-04,District-10,72.8,3,2,0,211866.45,749
9/27/2020,BU-02,District-05,74.8,5,0,3,66596.24,745
12/6/2021,BU-04,District-05,89.6,2,0,1,178293.14,67
1/26/2020,BU-02,District-03,98.1,5,6,2,153830.2,581
8/24/2021,BU-03,District-05,84.6,0,7,3,202309.39,159
11/12/2021,BU-01,District-04,79.2,1,3,3,171480.29,801
6/22/2021,BU-01,District-01,72.5,3,4,1,179034.67,775
3/18/2020,BU-04,District-10,79.9,5,3,1,130091.49,353
12/17/2021,BU-04,District-06,83.4,3,6,3,97603.54,457
5/13/2019,BU-01,District-03,70.8,1,6,2,231455.05,544
11/20/2019,BU-04,District-05,98.4,1,0,1,242896.61,615
10/4/2021,BU-03,District-10,73.6,0,5,2,12800.3,269
8/7/2021,BU-02,District-10,75.7,3,0,3,190483.25,181
2/20/2020,BU-05,District-03,98.0,5,1,3,107394.04,65
9/4/2021,BU-05,District-01,99.5,2,2,3,124562.26,674
9/30/2021,BU-04,District-09,78.9,0,6,1,66482.36,58
4/28/2019,BU-01,District-08,76.9,4,0,1,61347.3,637
11/3/2021,BU-01,District-01,94.7,4,6,1,57149.26,486
1/26/2020,BU-01,District-06,76.5,5,1,3,38185.41,737
6/23/2019,BU-04,District-08,97.1,4,4,0,203054.69,673
8/1/2019,BU-05,District-05,74.4,0,6,1,215470.28,289
10/8/2020,BU-03,District-03,71.9,2,0,3,112535.22,776
9/30/2020,BU-01,District-06,81.4,3,1,1,99145.15,126
1/8/2019,BU-03,District-05,84.8,5,1,1,6154.81,819
8/23/2020,BU-02,District-01,82.7,3,2,3,110480.37,285
9/20/2020,BU-05,District-05,76.5,1,3,2,182065.42,274
2/1/2019,BU-02,District-07,94.9,0,7,3,91627.04,673
12/7/2021,BU-04,District-01,71.9,2,5,3,149899.43,791
1/8/2020,BU-03,District-10,79.9,3,6,1,114250.94,351
11/14/2021,BU-01,District-05,73.8,1,7,3,89414.79,465
5/24/2021,BU-04,District-10,94.4,0,3,1,228289.22,678
4/18/2020,BU-02,District-01,75.5,2,1,0,216602.11,682
10/10/2019,BU-05,District-10,90.6,1,1,2,50506.76,656
3/28/2021,BU-04,District-02,82.0,0,5,2,201950.86,129
7/12/2020,BU-01,District-02,88.9,4,7,3,92981.59,200
5/27/2021,BU-02,District-09,70.4,3,7,0,248806.82,191
4/22/2019,BU-01,District-04,91.2,5,6,0,93588.93,153
5/28/2021,BU-02,District-04,87.6,1,3,3,114626.79,466
4/30/2020,BU-05,District-01,72.6,0,5,2,198601.41,829
3/31/2021,BU-03,District-05,84.2,2,2,1,20997.06,198
11/30/2020,BU-02,District-01,88.7,2,4,0,71120.34,507
12/20/2020,BU-01,District-01,73.5,0,1,1,243810.45,511
7/5/2020,BU-04,District-02,84.9,4,4,3,111995.77,399
5/27/2021,BU-01,District-08,80.1,4,3,2,60695.85,497
9/1/2019,BU-05,District-03,95.9,2,5,3,237604.2,236
10/17/2019,BU-03,District-07,84.6,0,2,1,196664.42,241
3/3/2021,BU-04,District-08,79.4,1,7,3,168951.59,621
11/1/2020,BU-02,District-04,96.9,4,0,0,125552.07,493
11/25/2019,BU-04,District-04,72.0,2,6,3,33710.75,446
10/26/2020,BU-04,District-07,72.5,5,6,0,211285.29,890
4/30/2021,BU-01,District-02,77.1,3,6,3,224495.15,323
4/1/2019,BU-01,District-07,70.4,4,7,2,148470.53,151
3/30/2021,BU-05,District-05,77.7,5,4,2,43471.95,154
9/20/2021,BU-04,District-04,87.2,4,0,3,108630.02,565
7/26/2020,BU-04,District-03,73.8,4,1,0,198264.43,376
9/6/2020,BU-01,District-01,72.4,3,0,1,150922.32,255
10/10/2020,BU-04,District-01,71.6,3,0,1,181368.66,878
2/13/2021,BU-01,District-10,82.7,4,1,0,22777.71,290
10/10/2021,BU-04,District-07,91.4,2,0,3,213185.33,542
10/22/2020,BU-01,District-04,76.7,5,5,3,204272.98,715
11/4/2021,BU-01,District-03,75.5,5,5,3,147679.66,64
10/2/2019,BU-05,District-07,82.8,4,7,1,48561.34,638
7/10/2020,BU-01,District-05,91.2,2,6,3,161887.22,424
9/8/2019,BU-01,District-01,86.6,5,1,1,24810.1,422
8/29/2020,BU-05,District-09,93.9,1,3,3,22505.93,715
10/10/2019,BU-03,District-05,83.1,1,7,0,65934.02,640
7/18/2019,BU-01,District-08,74.2,1,0,1,29714.71,177
12/9/2021,BU-03,District-09,96.3,1,6,2,117186.26,335
8/4/2020,BU-01,District-08,75.9,1,6,2,63777.65,831
3/3/2021,BU-03,District-01,81.6,3,7,3,210720.95,411
3/31/2021,BU-05,District-09,96.1,4,3,1,8834.99,679
12/31/2019,BU-01,District-10,76.2,3,4,2,187087.97,190
12/19/2020,BU-02,District-06,85.9,5,3,1,221153.41,287
6/1/2019,BU-01,District-07,82.4,2,6,1,27671.47,336
10/4/2021,BU-02,District-01,77.7,1,7,3,146162.62,382
5/16/2020,BU-01,District-05,80.9,0,3,2,173683.74,709
10/30/2019,BU-02,District-07,90.6,4,3,1,124127.97,356
12/21/2019,BU-04,District-02,71.5,0,6,0,99958.71,126
11/30/2021,BU-05,District-01,85.3,2,4,0,195096.39,776
12/24/2021,BU-05,District-04,81.2,5,2,1,67053.21,447
12/17/2021,BU-04,District-05,85.1,2,1,2,182642.32,391
8/20/2021,BU-02,District-03,85.2,5,6,1,190543.07,472
9/6/2021,BU-01,District-06,87.2,0,2,0,75654.36,525
3/9/2019,BU-04,District-08,72.7,1,7,2,168990.87,325
9/4/2020,BU-01,District-02,91.8,3,5,0,97541.84,872
1/9/2021,BU-03,District-10,95.1,1,3,0,47291.52,89
10/11/2021,BU-02,District-02,75.0,4,2,3,140701.09,70
5/11/2019,BU-03,District-03,78.7,0,4,3,161086.31,328
10/8/2020,BU-02,District-07,70.4,5,2,1,92427.66,660
11/13/2021,BU-05,District-08,89.3,3,0,0,141597.3,604
4/10/2019,BU-01,District-08,96.2,5,7,2,191288.87,724
10/8/2019,BU-05,District-06,71.8,2,6,0,213870.73,644
9/13/2020,BU-03,District-10,70.2,3,4,3,120559.71,269
1/15/2019,BU-01,District-01,73.3,0,3,1,198283.62,265
7/5/2020,BU-05,District-03,75.4,5,2,3,62542.07,721
5/24/2021,BU-05,District-02,98.6,0,0,2,145557.55,522
8/4/2021,BU-03,District-09,71.6,0,4,3,75170.96,590
8/2/2021,BU-04,District-02,99.1,0,0,1,40912.33,314
8/12/2019,BU-04,District-05,94.8,2,1,3,124191.33,78
12/18/2019,BU-04,District-04,87.3,5,7,1,122861.65,99
5/17/2020,BU-03,District-07,74.6,2,1,2,230500.15,831
4/30/2021,BU-05,District-05,85.1,4,4,0,207462.78,363
1/4/2019,BU-01,District-04,81.1,1,7,1,10854.75,227
3/7/2020,BU-04,District-08,95.6,3,3,0,136369.0,219
4/24/2019,BU-03,District-03,76.3,0,6,3,61821.85,301
10/19/2021,BU-03,District-03,87.7,0,6,1,135946.81,716
3/13/2021,BU-02,District-10,91.8,3,0,2,108931.95,808
4/21/2021,BU-04,District-03,93.4,3,1,2,194013.49,821
11/11/2019,BU-05,District-01,73.8,1,1,1,170457.61,678
11/6/2020,BU-05,District-04,93.5,0,7,0,133518.74,481
9/22/2021,BU-04,District-03,90.6,3,4,2,12542.78,760
9/26/2019,BU-01,District-07,81.9,1,0,2,226669.75,637
1/18/2020,BU-03,District-09,90.2,1,5,3,153981.56,505
4/26/2020,BU-01,District-05,98.2,4,3,2,136190.47,772
11/17/2021,BU-04,District-07,82.0,3,5,0,77738.92,527
12/26/2020,BU-02,District-03,81.9,2,4,2,160732.1,538
5/25/2019,BU-03,District-06,96.4,0,3,1,175783.31,354
3/16/2021,BU-03,District-03,78.6,4,6,1,40481.89,128
9/21/2021,BU-05,District-05,78.6,1,0,1,77177.47,707
2/4/2020,BU-03,District-03,73.8,1,3,2,142582.86,891
12/26/2020,BU-03,District-10,95.0,3,7,3,210675.13,350
10/28/2019,BU-01,District-04,72.0,4,0,1,182058.84,226
10/9/2019,BU-01,District-07,84.9,1,2,1,122583.98,63
1/19/2020,BU-03,District-02,87.0,1,7,1,64094.75,754
10/23/2021,BU-01,District-02,84.4,4,4,2,205826.43,301
10/29/2021,BU-03,District-03,70.9,1,2,0,77925.5,236
6/11/2020,BU-03,District-08,86.4,4,1,0,208814.86,560
4/26/2019,BU-04,District-01,96.8,5,7,1,83701.49,211
2/5/2020,BU-02,District-04,83.6,1,0,0,48320.1,763
4/19/2020,BU-03,District-09,73.7,1,7,2,15495.31,45
10/6/2019,BU-04,District-08,79.7,1,2,2,133602.34,306
3/26/2019,BU-03,District-08,87.3,2,5,3,62158.61,428
1/13/2021,BU-02,District-01,94.5,0,2,3,204434.19,517
1/16/2019,BU-01,District-04,93.2,0,1,3,176072.16,617
12/7/2021,BU-04,District-01,71.5,5,2,2,134207.79,344
6/1/2021,BU-02,District-08,84.3,4,6,3,227583.96,373
11/11/2019,BU-04,District-10,83.0,2,3,3,130395.04,446
1/23/2020,BU-02,District-10,90.6,2,0,1,159702.06,175
9/14/2019,BU-01,District-04,86.6,5,1,0,153915.88,737
4/4/2020,BU-02,District-08,99.9,0,4,1,213761.75,799
10/11/2020,BU-05,District-02,84.1,1,7,2,222644.97,183
4/4/2020,BU-01,District-10,92.9,2,6,1,100357.19,364
12/17/2021,BU-05,District-04,98.9,2,3,0,57042.86,356
5/31/2021,BU-01,District-02,88.4,1,2,0,137496.2,880
6/3/2021,BU-04,District-07,76.5,5,2,2,233509.45,176
2/5/2020,BU-03,District-07,98.9,5,1,0,135049.26,311
11/19/2019,BU-02,District-08,75.1,4,7,2,202991.05,340
3/29/2020,BU-02,District-01,86.4,1,1,3,72322.72,511
4/11/2020,BU-02,District-10,77.2,2,6,0,43890.78,343
2/2/2019,BU-02,District-10,99.1,0,6,1,129915.66,40
9/17/2021,BU-04,District-08,86.9,2,6,1,151176.79,774
6/23/2019,BU-02,District-03,95.7,5,1,1,76786.61,263
12/25/2020,BU-04,District-04,72.5,4,3,1,20359.11,82
11/2/2019,BU-05,District-05,98.5,5,7,0,39531.54,254
8/24/2020,BU-05,District-04,89.2,4,2,2,48090.57,55
2/1/2021,BU-02,District-08,71.9,5,6,0,26000.98,58
9/21/2019,BU-02,District-08,98.8,1,2,0,57473.09,886
5/31/2019,BU-03,District-03,88.8,4,3,0,172953.73,94
8/15/2019,BU-05,District-04,80.4,3,7,2,202218.79,571
6/21/2021,BU-01,District-07,70.5,3,7,2,17972.86,800
8/7/2020,BU-05,District-03,89.8,2,7,0,132300.76,117
8/6/2019,BU-04,District-02,89.1,2,3,1,187915.82,598
6/18/2019,BU-05,District-06,80.9,1,1,2,168898.47,344
3/18/2020,BU-02,District-01,75.3,1,2,2,167519.84,560
8/15/2019,BU-05,District-06,92.4,1,7,0,27318.5,315
1/16/2021,BU-03,District-01,71.1,0,7,3,230566.39,383
7/27/2021,BU-04,District-06,90.4,1,4,3,174252.51,700
9/23/2019,BU-01,District-09,75.4,0,3,3,60988.79,633
1/18/2019,BU-05,District-06,85.0,1,7,2,114329.16,709
3/18/2019,BU-05,District-03,79.1,3,6,3,131237.26,110
11/21/2019,BU-02,District-03,79.7,2,6,2,43519.4,530
1/31/2020,BU-01,District-05,80.6,2,4,1,177704.69,837
5/6/2019,BU-02,District-03,75.1,3,4,2,106521.63,616
4/11/2019,BU-04,District-09,93.7,3,1,3,101623.62,750
8/21/2019,BU-01,District-07,87.6,2,4,1,178843.22,265
9/20/2020,BU-05,District-05,77.6,2,2,0,241105.44,473
1/27/2020,BU-03,District-05,89.9,4,4,1,72121.28,870
8/23/2020,BU-04,District-04,70.5,5,6,3,57955.46,820
6/29/2020,BU-02,District-05,94.9,5,4,0,201535.01,767
2/17/2020,BU-01,District-07,92.2,0,0,3,126577.45,680
1/14/2021,BU-03,District-09,80.0,1,1,0,85068.17,747
9/25/2021,BU-01,District-04,80.7,0,4,3,212377.94,346
3/21/2021,BU-03,District-10,88.3,0,0,3,214497.13,887
10/17/2019,BU-04,District-01,74.4,0,4,0,210596.66,578
12/12/2020,BU-05,District-08,86.9,0,2,3,222223.95,50
9/18/2019,BU-02,District-09,74.2,4,4,0,33594.92,168
3/24/2019,BU-04,District-05,77.4,3,2,0,131890.25,772
11/9/2019,BU-03,District-02,94.8,3,3,3,143526.07,246
3/26/2019,BU-04,District-05,93.1,3,1,2,59104.98,727
4/26/2020,BU-03,District-08,94.7,1,0,0,149110.71,179
5/1/2021,BU-01,District-05,74.8,2,3,1,21399.76,37
6/23/2021,BU-04,District-03,79.6,4,0,1,12860.54,837
6/2/2020,BU-02,District-01,77.9,4,6,3,207362.9,192
11/4/2021,BU-02,District-05,96.0,2,1,3,23694.27,893
3/31/2020,BU-04,District-01,94.8,5,4,2,219601.99,448
9/20/2019,BU-01,District-10,85.0,1,7,1,51571.62,756
11/30/2020,BU-05,District-04,88.9,2,6,2,195312.45,175
9/22/2019,BU-04,District-02,93.6,3,0,2,7170.86,613
4/5/2021,BU-03,District-07,92.5,1,1,2,189164.85,131
4/21/2020,BU-02,District-02,86.5,0,0,0,109091.77,79
7/3/2021,BU-03,District-03,73.2,4,1,0,73280.83,173
8/6/2020,BU-02,District-02,95.5,4,6,2,156433.35,435
7/16/2020,BU-02,District-05,83.3,1,7,0,184841.61,658
5/27/2019,BU-02,District-09,89.4,3,3,0,75978.57,729
5/6/2019,BU-03,District-09,95.9,5,1,2,69584.6,206
9/10/2020,BU-01,District-04,96.8,5,4,2,141184.05,849
6/18/2021,BU-03,District-01,88.9,2,5,2,230718.54,768
5/13/2019,BU-03,District-06,79.1,3,0,2,194911.17,482
2/24/2020,BU-02,District-10,83.4,0,1,3,97468.75,649
7/10/2020,BU-03,District-10,72.4,2,3,3,36911.6,759
2/28/2019,BU-03,District-01,95.7,0,3,0,238441.56,458
7/7/2020,BU-05,District-07,97.6,3,6,3,188768.91,254
7/28/2020,BU-05,District-06,72.4,3,4,3,236314.92,230
12/3/2020,BU-04,District-09,99.4,3,3,3,6577.57,81
6/25/2021,BU-03,District-10,76.8,5,4,0,161336.1,558
3/2/2019,BU-04,District-09,73.7,5,3,1,36793.4,768
11/17/2019,BU-03,District-05,89.5,1,5,2,245285.5,312
10/23/2021,BU-01,District-08,76.7,0,7,2,40092.64,871
2/26/2020,BU-02,District-06,89.6,3,3,1,191900.37,568
1/2/2019,BU-02,District-02,72.5,4,2,0,83411.77,666
12/23/2019,BU-02,District-07,79.1,0,4,1,236512.61,364
10/20/2021,BU-01,District-07,82.7,3,5,3,134878.28,502
11/27/2020,BU-03,District-01,90.9,3,0,2,19302.47,726
4/25/2019,BU-03,District-03,99.0,2,7,0,141586.14,887
4/8/2020,BU-04,District-05,80.8,1,7,0,93609.5,60
2/23/2020,BU-04,District-10,85.8,0,2,3,170679.33,878
7/24/2019,BU-02,District-05,71.1,0,4,1,176008.94,662
1/18/2020,BU-05,District-09,85.8,1,7,3,194647.49,379
9/20/2019,BU-05,District-03,71.8,0,0,0,6397.58,79
3/27/2019,BU-03,District-08,79.9,4,6,2,99052.59,815
2/24/2021,BU-03,District-04,85.8,2,5,3,170802.96,450
12/10/2020,BU-01,District-04,86.0,4,7,2,219420.11,442
11/11/2021,BU-04,District-08,73.2,5,2,1,10757.03,476
5/23/2021,BU-01,District-08,94.5,4,7,1,55222.88,835
4/21/2020,BU-02,District-05,71.0,1,3,1,31604.21,699
2/20/2020,BU-02,District-05,81.0,5,6,2,207320.22,857
7/26/2019,BU-02,District-08,97.4,0,7,2,108466.21,313
10/27/2020,BU-05,District-10,98.0,0,6,0,175016.92,688
3/11/2021,BU-04,District-01,93.9,5,2,3,65605.06,822
3/15/2020,BU-02,District-06,80.2,5,0,3,70403.25,794
2/12/2020,BU-03,District-07,77.0,3,1,2,216433.89,120
4/13/2019,BU-04,District-05,93.3,5,2,1,186626.19,199
9/25/2021,BU-04,District-05,84.0,4,5,0,214048.8,431
9/20/2021,BU-05,District-10,77.0,2,6,1,205812.03,834
8/6/2021,BU-02,District-02,98.2,3,5,0,44513.39,79
11/23/2019,BU-01,District-03,90.5,1,6,0,110347.74,854
9/21/2019,BU-01,District-07,97.7,0,5,1,181046.25,764
4/9/2019,BU-04,District-09,70.2,2,0,0,249852.23,221
4/20/2019,BU-03,District-06,90.4,5,0,3,43947.82,861
5/22/2020,BU-01,District-02,89.2,2,0,0,78012.67,812
2/3/2021,BU-02,District-01,88.2,2,7,2,152425.05,339
6/27/2020,BU-02,District-10,86.3,3,4,0,91763.28,68
11/5/2019,BU-05,District-03,84.8,0,3,1,223583.92,201
8/6/2020,BU-02,District-02,85.8,3,1,1,188570.57,521
6/24/2019,BU-05,District-10,89.9,0,3,0,6785.52,305
8/27/2021,BU-05,District-04,93.3,2,5,2,99943.49,501
8/30/2021,BU-05,District-10,76.1,0,6,0,49043.18,360
12/4/2021,BU-02,District-10,79.3,1,3,0,213178.21,589
12/15/2019,BU-01,District-01,82.8,0,3,0,65490.35,473
11/15/2020,BU-03,District-03,76.1,5,2,2,62171.41,315
7/7/2021,BU-04,District-02,75.5,4,2,3,121210.31,96
8/6/2019,BU-03,District-09,95.2,3,3,3,170158.93,557
4/28/2021,BU-01,District-06,80.7,2,2,1,60382.97,166
1/11/2020,BU-03,District-07,83.9,0,0,0,161577.88,117
5/14/2019,BU-01,District-04,100.0,5,7,3,129143.39,683
2/16/2019,BU-01,District-02,95.9,0,6,2,208023.64,261
4/15/2021,BU-01,District-10,96.2,0,1,0,92982.25,662
8/19/2019,BU-04,District-05,80.3,4,1,1,53424.58,64
5/30/2021,BU-04,District-10,76.1,5,5,3,108460.23,684
6/16/2019,BU-03,District-10,70.5,4,5,1,249145.13,535
5/25/2020,BU-03,District-08,87.2,3,5,1,133852.99,384
10/14/2019,BU-03,District-04,71.7,4,6,0,62042.41,627
4/7/2021,BU-02,District-08,95.4,4,0,3,219831.18,45
6/5/2019,BU-04,District-05,85.4,4,0,0,217858.01,296
10/23/2020,BU-01,District-08,88.3,0,4,1,82967.01,521
2/20/2021,BU-03,District-01,83.6,0,4,0,10426.36,107
11/2/2020,BU-05,District-09,75.4,0,6,3,181303.53,561
6/17/2020,BU-01,District-05,91.3,3,2,2,100879.59,508
12/13/2021,BU-02,District-10,76.0,0,4,3,151673.24,850
8/21/2021,BU-03,District-10,83.2,1,6,2,113332.86,895
3/15/2019,BU-01,District-01,72.9,1,4,1,217259.39,405
12/26/2021,BU-05,District-01,78.3,0,5,2,34792.97,511
5/18/2021,BU-04,District-03,73.4,0,1,0,87093.39,518
9/9/2020,BU-05,District-09,91.9,1,3,3,110850.43,574
5/1/2020,BU-01,District-09,71.6,3,6,1,198687.14,136
10/1/2021,BU-01,District-03,73.3,3,2,3,215957.9,253
12/14/2021,BU-05,District-10,72.4,1,4,0,28106.54,407
5/28/2021,BU-05,District-07,93.6,1,3,2,109065.94,119
2/2/2019,BU-03,District-05,74.8,1,5,1,220637.09,781
11/24/2020,BU-01,District-03,93.8,4,7,3,72179.06,827
9/12/2020,BU-02,District-04,70.4,2,4,2,191417.16,640
6/15/2019,BU-01,District-07,81.4,1,1,0,146887.82,576
7/3/2019,BU-02,District-06,80.6,2,3,2,81200.9,335
5/3/2020,BU-01,District-08,93.2,0,5,1,191727.6,210
1/31/2019,BU-03,District-03,72.2,3,7,3,7962.22,291
7/1/2020,BU-03,District-10,86.7,0,7,1,164455.59,865
1/27/2019,BU-01,District-10,76.0,3,3,1,28568.25,371
6/5/2021,BU-01,District-04,95.6,5,0,1,97296.45,400
12/31/2019,BU-05,District-08,92.0,3,0,3,8654.85,312
11/29/2021,BU-03,District-02,94.3,5,2,0,104031.46,427
5/6/2019,BU-03,District-07,83.8,1,4,3,248175.21,742
6/16/2021,BU-05,District-09,90.4,1,1,0,180125.71,374
5/5/2021,BU-05,District-09,89.4,3,5,1,195054.81,653
4/6/2019,BU-04,District-10,93.9,3,2,3,42513.53,714
4/21/2020,BU-02,District-06,90.4,4,3,0,235198.28,869
2/8/2020,BU-03,District-10,88.6,0,4,0,81814.12,399
7/18/2020,BU-04,District-02,96.1,4,4,2,187402.92,425
12/11/2020,BU-05,District-09,84.7,2,4,2,144350.11,699
4/21/2019,BU-01,District-06,90.8,1,2,0,162338.06,762
5/8/2021,BU-04,District-07,97.0,2,1,1,113693.59,210
6/30/2021,BU-03,District-03,77.4,1,0,2,33442.72,529
11/17/2019,BU-01,District-06,78.9,2,4,3,116552.97,120
1/7/2019,BU-05,District-01,82.8,3,1,0,192778.57,458
1/30/2019,BU-05,District-10,70.3,1,5,3,107904.43,124
2/13/2019,BU-04,District-03,74.1,2,3,2,21725.29,128
12/10/2019,BU-01,District-02,77.5,0,7,1,79812.12,740
4/30/2020,BU-03,District-01,87.1,4,6,2,218497.89,850
6/14/2019,BU-01,District-06,98.0,5,1,1,26291.73,156
8/21/2020,BU-02,District-01,99.4,2,5,0,210068.87,485
10/6/2021,BU-02,District-03,77.3,3,2,1,154500.71,349
4/27/2020,BU-05,District-05,80.4,2,6,1,151258.25,896
2/18/2019,BU-05,District-03,87.4,3,4,0,120759.48,108
4/26/2021,BU-05,District-10,93.1,3,3,2,173777.52,662
10/22/2019,BU-02,District-04,83.6,3,7,0,101217.26,297
5/29/2020,BU-05,District-10,84.5,5,2,0,244384.45,167
3/22/2020,BU-05,District-08,95.6,4,2,3,216649.53,515
2/7/2020,BU-04,District-05,73.0,5,3,2,34505.81,138
11/26/2019,BU-03,District-09,72.9,3,0,0,128177.8,248
10/30/2019,BU-03,District-09,90.1,1,7,3,97611.0,511
5/30/2020,BU-02,District-01,72.6,1,0,2,53240.76,569
8/19/2021,BU-04,District-10,93.7,2,6,0,39619.35,174
7/1/2021,BU-03,District-06,99.7,0,5,2,217169.78,416
8/14/2020,BU-03,District-09,85.2,1,0,1,185861.77,141
10/23/2020,BU-02,District-01,75.2,4,1,0,161222.05,888
7/6/2020,BU-03,District-08,92.5,5,4,1,122717.92,515
7/13/2019,BU-01,District-09,95.7,5,4,2,124683.14,506
12/6/2021,BU-03,District-10,94.7,5,2,2,172373.27,139
3/2/2021,BU-03,District-06,79.8,4,2,3,227852.28,792
7/17/2020,BU-02,District-02,73.6,2,5,0,125205.87,578
8/15/2021,BU-05,District-08,70.1,3,7,0,161784.86,394
3/21/2020,BU-04,District-10,74.6,5,4,1,84723.81,842
4/20/2021,BU-05,District-09,80.3,2,5,1,210715.58,588
6/5/2021,BU-05,District-02,99.5,0,0,2,90144.72,396
12/30/2021,BU-05,District-05,99.5,4,3,1,185713.79,325
9/12/2020,BU-02,District-03,99.2,0,5,1,206880.72,810
11/7/2020,BU-04,District-07,97.7,3,0,1,93073.56,488
3/10/2021,BU-02,District-04,87.1,1,1,2,237925.15,498
7/13/2019,BU-03,District-01,78.4,0,3,3,215808.61,600
4/9/2020,BU-02,District-01,74.8,2,7,2,226622.02,391
7/30/2020,BU-05,District-08,93.2,5,5,1,5429.1,622
2/5/2019,BU-01,District-01,74.2,2,3,3,81358.43,470
6/19/2021,BU-04,District-03,82.5,3,6,0,11427.29,657
4/8/2019,BU-02,District-07,80.5,5,3,1,124103.17,653
3/23/2021,BU-02,District-04,74.5,5,5,0,237186.39,168
9/24/2020,BU-04,District-09,88.9,4,3,3,49409.01,95
10/9/2020,BU-05,District-09,90.9,0,0,1,97368.01,363
6/29/2019,BU-01,District-05,77.6,3,2,0,217707.02,331
11/12/2019,BU-04,District-09,70.3,3,6,2,162494.05,229
7/3/2021,BU-02,District-08,90.6,5,2,3,210865.22,636
8/20/2021,BU-04,District-10,99.8,0,7,1,189315.36,36
8/17/2020,BU-04,District-08,71.3,1,0,2,189689.57,725
1/8/2021,BU-03,District-07,78.0,3,6,1,66872.96,286
5/11/2019,BU-04,District-07,80.1,2,0,0,234733.58,648
6/14/2021,BU-03,District-03,90.1,4,4,2,120240.36,694
6/19/2019,BU-02,District-02,74.4,0,1,1,196261.76,134
12/15/2019,BU-02,District-09,70.8,0,3,3,224711.39,459
3/3/2021,BU-04,District-02,95.9,2,7,1,134402.36,126
2/28/2020,BU-05,District-04,91.5,4,3,1,214042.74,579
8/1/2020,BU-02,District-05,85.8,4,4,1,159931.0,653
3/19/2019,BU-03,District-02,70.6,0,5,0,69645.8,69
7/25/2020,BU-05,District-09,95.9,0,5,2,62342.43,596
12/1/2019,BU-05,District-09,76.5,1,3,2,143138.1,362
2/11/2020,BU-03,District-04,97.7,5,5,1,131951.02,503
1/11/2019,BU-03,District-08,81.0,0,3,3,168356.61,513
3/6/2019,BU-01,District-08,70.4,4,2,0,242881.32,479
7/15/2021,BU-02,District-07,75.0,5,0,2,106661.81,645
12/7/2021,BU-02,District-08,70.2,1,4,0,61207.77,886
4/12/2021,BU-01,District-08,70.7,0,4,2,118590.05,870
3/19/2020,BU-01,District-08,82.4,1,4,2,75117.91,821
9/16/2020,BU-04,District-10,85.0,2,4,3,45325.53,627
9/1/2019,BU-01,District-03,89.5,5,6,3,8786.55,877
11/12/2019,BU-04,District-04,88.4,0,0,0,125306.03,324
7/24/2021,BU-04,District-07,96.1,3,3,3,181516.4,243
2/25/2019,BU-01,District-06,74.8,4,7,3,156981.71,461
11/3/2020,BU-05,District-07,99.9,3,6,3,22198.86,803
12/27/2021,BU-01,District-09,97.7,1,4,0,67937.19,490
1/23/2019,BU-01,District-02,75.4,3,5,0,11650.89,198
10/22/2019,BU-05,District-04,72.6,0,2,1,81822.6,270
12/28/2021,BU-03,District-08,89.3,5,5,3,64704.13,735
5/2/2020,BU-01,District-05,83.0,0,7,2,5148.85,100
8/26/2019,BU-03,District-10,70.8,1,2,2,112929.97,783
8/22/2021,BU-03,District-05,72.2,5,6,0,103076.17,63
1/17/2019,BU-01,District-05,78.8,2,4,3,145282.96,548
5/18/2020,BU-02,District-02,77.8,4,2,0,245447.64,358
2/18/2020,BU-05,District-01,70.2,4,6,1,204504.05,67
8/27/2020,BU-02,District-06,88.4,3,4,0,78365.98,839
8/29/2020,BU-04,District-04,99.9,1,4,1,49564.59,455
11/11/2019,BU-03,District-02,77.3,5,7,1,23143.71,235
12/13/2019,BU-05,District-05,70.2,3,1,2,140601.45,819
1/13/2020,BU-02,District-10,81.9,4,7,2,226598.2,97
7/16/2021,BU-05,District-09,84.8,4,2,0,16598.25,830
12/16/2019,BU-02,District-04,91.9,0,1,0,187836.21,145
12/15/2021,BU-05,District-10,71.4,2,6,2,34294.77,420
7/17/2021,BU-04,District-03,94.6,3,5,1,141882.06,343
9/18/2019,BU-02,District-10,71.0,1,1,2,152262.5,72
9/18/2020,BU-03,District-07,96.8,3,2,3,220078.47,846
3/8/2021,BU-01,District-07,76.9,0,6,0,143628.46,881
3/9/2019,BU-02,District-03,75.6,5,0,0,229418.14,602
1/9/2021,BU-04,District-09,87.0,1,4,3,37261.6,297
4/15/2020,BU-05,District-05,80.5,1,2,2,142522.49,416
10/17/2020,BU-05,District-03,98.7,5,7,1,71388.79,835
6/5/2021,BU-02,District-06,90.6,1,0,3,34308.93,744
12/13/2021,BU-03,District-06,83.0,4,1,2,175452.97,719
10/1/2021,BU-04,District-10,78.9,5,0,3,205573.27,494
9/24/2020,BU-05,District-07,94.1,0,3,0,58592.57,411
8/16/2020,BU-04,District-01,73.7,0,1,3,66627.46,493
4/10/2019,BU-03,District-07,70.7,2,0,3,220256.58,713
6/2/2019,BU-02,District-03,96.3,4,0,1,185452.6,488
2/7/2019,BU-05,District-01,92.1,0,1,1,15080.74,633
6/27/2019,BU-02,District-04,97.5,4,3,0,80109.91,354
8/20/2019,BU-01,District-08,88.9,3,4,1,143031.71,474
10/27/2021,BU-05,District-09,94.4,3,6,2,239665.65,164
2/24/2021,BU-01,District-05,78.8,0,7,1,242371.6,174
6/29/2021,BU-01,District-07,70.4,2,7,3,163820.26,32
7/10/2020,BU-03,District-08,75.0,1,3,1,114393.19,219
9/24/2020,BU-02,District-08,88.0,0,5,3,191727.0,881
3/20/2019,BU-04,District-06,89.3,5,3,3,139705.42,865
3/2/2020,BU-02,District-06,73.4,5,0,0,120752.37,605
10/11/2019,BU-01,District-02,90.2,1,6,1,140342.52,92
11/10/2019,BU-03,District-08,77.2,3,4,0,125678.19,226
11/25/2021,BU-02,District-04,72.3,3,4,2,120401.7,247
2/23/2020,BU-01,District-07,78.4,0,4,1,141468.14,178
12/16/2019,BU-04,District-05,87.6,3,3,1,219478.89,284
2/8/2021,BU-03,District-03,97.0,0,7,2,238495.41,380
10/25/2019,BU-03,District-07,83.9,2,3,1,88614.09,576
8/1/2020,BU-05,District-02,92.7,3,1,3,168913.96,612
10/31/2021,BU-05,District-02,80.8,2,7,1,195007.08,391
4/27/2021,BU-03,District-09,81.6,2,5,3,20100.92,862
1/29/2020,BU-02,District-06,71.4,5,5,3,53272.07,868
8/22/2021,BU-05,District-07,79.7,4,1,1,76617.96,393
9/7/2019,BU-01,District-05,79.4,1,3,2,144396.49,465
11/28/2021,BU-04,District-09,88.7,1,4,2,32063.24,337
2/26/2019,BU-03,District-01,89.9,4,2,1,227946.35,805
11/9/2019,BU-02,District-09,81.6,2,1,0,223811.64,583
7/1/2019,BU-02,District-09,71.2,4,7,0,119308.57,596
11/8/2021,BU-03,District-09,93.4,2,3,0,229597.31,390
9/27/2019,BU-02,District-02,92.8,1,7,3,180630.36,448
2/10/2021,BU-05,District-09,71.7,0,1,2,216388.94,578
6/5/2020,BU-03,District-09,86.8,5,0,2,113606.27,118
3/13/2019,BU-02,District-06,79.8,2,4,1,194679.43,521
4/7/2019,BU-04,District-01,98.0,1,3,3,88965.84,365
5/12/2021,BU-02,District-05,88.9,4,2,1,90789.9,95
11/6/2020,BU-03,District-10,83.3,1,1,3,138241.73,244
6/6/2019,BU-01,District-01,78.6,5,2,2,150948.03,429
12/16/2020,BU-04,District-10,96.5,0,4,1,85993.45,782
12/16/2019,BU-03,District-09,96.9,3,6,3,114235.32,141
12/16/2019,BU-01,District-08,71.6,1,7,3,91320.37,160
1/6/2019,BU-05,District-04,84.5,3,1,3,43985.04,105
11/12/2020,BU-05,District-09,78.6,2,2,2,104267.56,859
8/4/2019,BU-02,District-01,72.1,4,4,1,233550.49,117
1/20/2021,BU-02,District-08,88.3,0,7,1,46048.8,222
6/19/2020,BU-03,District-03,77.2,0,2,1,46336.42,602
4/19/2019,BU-04,District-08,79.1,1,1,3,214432.33,288
10/4/2020,BU-05,District-01,71.4,4,1,3,90492.72,76
1/22/2021,BU-04,District-09,89.1,5,5,1,30720.47,350
1/24/2019,BU-03,District-06,73.9,3,1,2,21689.57,171
10/31/2021,BU-01,District-02,77.5,3,4,0,146279.34,57
5/29/2021,BU-01,District-08,79.1,2,4,0,221853.67,178
9/21/2021,BU-03,District-06,81.1,3,4,1,214794.84,755
1/11/2021,BU-03,District-01,75.5,3,5,1,63308.06,379
9/27/2020,BU-02,District-07,72.6,1,1,3,168354.71,402
3/12/2019,BU-02,District-10,91.8,3,7,2,62904.54,80
3/21/2021,BU-05,District-03,98.7,0,2,3,181265.81,143
4/8/2021,BU-01,District-10,88.9,5,1,3,238528.51,866
8/4/2020,BU-01,District-10,92.5,5,6,2,54789.95,682
10/25/2020,BU-04,District-06,91.2,5,7,2,174244.8,82
7/8/2020,BU-05,District-05,95.7,2,3,1,126468.77,444
10/28/2020,BU-04,District-10,78.4,4,2,2,60371.51,443
4/7/2019,BU-04,District-02,75.1,3,6,2,89230.64,312
2/17/2020,BU-03,District-08,81.1,2,5,0,74998.49,800
5/12/2019,BU-01,District-03,91.8,4,1,2,59119.09,246
1/10/2020,BU-01,District-08,71.8,5,6,2,55873.63,507
4/18/2020,BU-02,District-02,90.5,0,4,2,18242.2,406
1/13/2020,BU-04,District-09,94.0,1,7,0,40581.23,674
1/21/2021,BU-03,District-05,73.6,5,0,2,206363.98,698
6/16/2020,BU-01,District-02,95.6,2,6,3,25817.07,456
3/18/2019,BU-05,District-05,75.9,1,1,3,42285.92,481
1/13/2020,BU-02,District-07,93.9,4,4,0,128636.97,596
8/18/2021,BU-03,District-08,96.3,5,7,0,45273.96,250
6/11/2021,BU-04,District-01,81.2,5,4,3,140256.95,69
11/8/2019,BU-05,District-10,95.5,3,6,1,97541.56,620
3/6/2021,BU-05,District-06,74.8,0,3,2,182273.91,847
2/24/2019,BU-01,District-01,82.0,5,7,3,73970.02,221
3/25/2019,BU-02,District-02,95.2,3,1,0,106611.34,398
12/21/2019,BU-03,District-03,72.1,0,1,3,232475.96,463
7/13/2020,BU-01,District-03,96.3,5,2,0,72430.22,664
10/23/2020,BU-05,District-06,91.1,4,6,1,159485.56,423
8/17/2019,BU-04,District-06,79.1,0,0,3,241039.34,607
7/26/2021,BU-05,District-07,73.9,5,4,1,194225.13,589
12/29/2021,BU-05,District-04,95.1,5,2,3,205683.65,515
4/5/2021,BU-04,District-06,92.2,2,5,3,125874.31,277
12/7/2021,BU-03,District-04,93.1,5,4,3,130649.9,368
8/4/2020,BU-03,District-03,75.0,5,5,3,237681.26,856
8/2/2019,BU-05,District-01,70.3,4,2,0,110356.36,537
1/20/2021,BU-02,District-06,98.8,1,4,1,54080.81,844
6/24/2020,BU-01,District-05,92.8,0,0,3,200741.05,229
10/13/2020,BU-04,District-10,96.7,3,1,2,9936.44,728
12/7/2019,BU-05,District-10,76.4,4,2,1,129452.84,272
1/10/2019,BU-03,District-03,96.4,1,2,1,139010.28,619
10/6/2020,BU-04,District-10,79.3,2,7,2,153699.55,489
7/26/2019,BU-05,District-04,75.9,0,2,0,227707.26,487
9/13/2019,BU-01,District-10,91.0,2,5,0,32236.36,301
5/9/2019,BU-04,District-04,93.7,1,4,0,131167.48,883
4/5/2019,BU-03,District-05,93.8,1,4,2,203443.44,79
11/27/2020,BU-05,District-10,84.4,2,5,1,201038.49,581
12/22/2020,BU-05,District-05,99.4,3,2,2,99104.18,514
7/20/2021,BU-01,District-05,79.4,5,5,3,248672.03,58
10/14/2020,BU-04,District-02,78.6,3,1,0,107675.51,808
1/1/2019,BU-03,District-05,89.0,1,7,0,127319.08,646
1/14/2021,BU-01,District-02,95.3,2,4,1,63497.42,90
2/26/2020,BU-05,District-03,76.6,1,5,2,249383.34,213
3/11/2020,BU-05,District-06,82.0,2,6,2,83142.16,494
1/15/2021,BU-04,District-10,99.0,5,6,1,159514.57,135
9/19/2021,BU-02,District-05,88.6,4,5,0,140621.59,322
10/20/2019,BU-01,District-01,75.6,4,6,2,179893.17,129
8/28/2021,BU-02,District-03,89.0,4,7,3,165177.9,779
3/31/2020,BU-05,District-02,88.8,3,6,1,110054.74,352
4/13/2020,BU-05,District-06,89.4,2,4,2,144005.3,430
3/25/2019,BU-03,District-08,78.4,1,6,2,65793.46,423
11/3/2021,BU-03,District-08,72.6,2,1,1,151901.82,50
1/10/2021,BU-04,District-05,82.8,2,3,2,63333.07,142
3/1/2021,BU-04,District-02,83.9,0,3,0,149786.38,735
3/30/2019,BU-02,District-09,77.7,3,5,1,93521.37,252
7/22/2020,BU-01,District-05,91.1,2,2,3,98165.91,893
11/18/2021,BU-03,District-08,84.2,0,3,1,97621.63,175
2/23/2020,BU-01,District-06,91.7,4,7,3,71192.69,559
9/24/2020,BU-03,District-01,98.3,3,7,2,48028.39,674
4/17/2020,BU-04,District-10,95.8,2,5,0,107397.87,558
3/26/2019,BU-04,District-09,70.8,4,6,3,35699.9,247
5/5/2019,BU-05,District-03,76.5,1,3,2,243985.51,900
11/18/2019,BU-04,District-06,94.3,5,5,2,221904.21,830
7/1/2021,BU-01,District-07,99.8,3,6,3,96284.2,624
4/19/2021,BU-04,District-02,87.3,5,5,3,112151.37,138
8/24/2020,BU-01,District-01,72.5,4,2,2,89290.68,633
2/4/2019,BU-04,District-04,86.2,1,1,3,231905.42,783
1/24/2020,BU-03,District-07,72.5,0,4,2,38254.37,681
7/29/2019,BU-03,District-04,72.8,1,4,2,57141.81,772
1/20/2021,BU-04,District-01,71.2,0,2,3,243967.04,137
7/31/2021,BU-05,District-10,93.5,3,5,0,69936.15,167
9/1/2021,BU-04,District-09,92.0,2,3,3,245734.11,617
2/16/2019,BU-05,District-05,78.1,2,3,3,215567.66,351
5/10/2021,BU-04,District-06,71.1,0,4,2,16271.35,262
1/22/2019,BU-01,District-08,81.9,4,6,1,104180.03,168
9/19/2021,BU-01,District-03,86.5,2,1,1,15601.76,460
1/27/2020,BU-04,District-08,81.8,2,1,2,175373.08,471
1/25/2020,BU-03,District-04,79.6,4,3,2,179698.79,893
8/16/2020,BU-02,District-04,94.1,0,6,2,239123.01,534
8/17/2021,BU-03,District-07,89.5,4,1,3,185205.91,878
3/4/2020,BU-04,District-09,92.7,1,4,3,158180.96,221
1/30/2020,BU-01,District-02,90.7,2,1,0,100792.46,787
5/22/2019,BU-04,District-06,74.8,3,7,0,225751.33,772
7/22/2021,BU-04,District-10,85.1,3,1,0,245580.75,267
1/29/2019,BU-02,District-01,85.0,4,2,1,231496.02,444
6/27/2020,BU-03,District-01,95.8,4,2,0,172660.0,717
10/12/2020,BU-02,District-04,99.8,2,7,1,100683.82,556
11/12/2020,BU-04,District-04,96.7,4,7,3,193805.41,53
7/26/2020,BU-05,District-03,94.2,2,7,2,54220.28,346
2/5/2021,BU-02,District-05,100.0,2,5,2,186465.3,575
3/27/2019,BU-03,District-05,80.1,4,0,2,222647.16,530
4/8/2021,BU-03,District-01,79.5,2,5,1,92610.09,630
7/19/2021,BU-03,District-10,96.1,1,4,3,25784.32,585
10/7/2019,BU-03,District-05,84.4,0,2,2,5689.57,537
6/7/2020,BU-02,District-10,80.8,5,0,3,90723.06,538
2/16/2019,BU-04,District-10,99.0,1,0,1,244639.2,685
4/22/2019,BU-05,District-04,76.4,3,1,3,240256.11,319
7/4/2021,BU-02,District-08,85.2,3,0,0,227908.36,62
7/19/2020,BU-02,District-08,88.2,0,5,3,15571.72,662
9/23/2019,BU-05,District-06,94.6,4,7,3,69274.26,390
4/30/2019,BU-04,District-08,79.0,5,6,1,151770.41,34
11/28/2021,BU-02,District-05,84.0,2,4,2,166483.73,94
7/23/2020,BU-02,District-10,97.9,5,7,1,118742.97,476
3/7/2021,BU-05,District-04,99.1,3,6,3,97042.28,853
8/23/2020,BU-01,District-06,94.9,3,6,0,108425.59,258
10/4/2020,BU-02,District-03,75.4,5,3,3,86265.82,427
1/14/2019,BU-02,District-04,82.4,1,4,1,102037.81,496
3/16/2020,BU-02,District-06,78.5,4,6,2,92551.14,803
12/18/2021,BU-01,District-05,84.0,5,6,0,151392.72,409
2/18/2020,BU-02,District-05,96.1,4,3,2,211203.44,417
5/26/2021,BU-04,District-03,77.9,2,2,0,246133.15,361
12/20/2021,BU-02,District-01,98.0,4,1,3,245553.79,49
10/29/2021,BU-03,District-05,94.2,2,0,1,151523.99,100
9/9/2019,BU-03,District-04,84.4,3,5,2,90172.64,134
8/2/2020,BU-04,District-01,79.9,5,3,3,42152.8,698
2/18/2021,BU-01,District-07,86.9,4,5,3,146876.61,558
6/19/2021,BU-01,District-01,87.1,1,2,3,199158.53,346
4/13/2019,BU-02,District-03,71.8,0,4,1,62573.84,541
2/1/2019,BU-05,District-04,72.7,0,3,1,26598.71,749
2/23/2019,BU-05,District-06,75.4,3,6,1,125855.38,145
5/15/2020,BU-05,District-09,84.2,5,2,2,209560.71,532
1/22/2020,BU-03,District-03,85.1,5,1,2,59509.52,789
11/30/2020,BU-02,District-07,78.9,1,6,2,97296.08,368
3/26/2021,BU-01,District-06,75.5,1,4,0,168464.19,542
2/27/2019,BU-01,District-02,91.2,4,4,2,96472.28,663
6/27/2021,BU-02,District-08,89.6,1,7,0,88632.94,341
8/1/2020,BU-03,District-01,78.3,4,3,1,78230.0,551
12/7/2019,BU-01,District-06,90.9,2,1,2,238124.28,251
4/17/2020,BU-03,District-04,93.6,0,0,3,203535.78,86
5/19/2021,BU-01,District-01,73.2,4,7,0,133052.62,298
12/29/2019,BU-04,District-03,94.8,0,1,3,37854.86,342
5/5/2020,BU-03,District-03,84.1,5,7,1,49493.73,365
2/9/2020,BU-05,District-03,73.8,4,1,1,69205.03,592
11/24/2021,BU-02,District-01,93.1,3,0,3,134801.91,359
2/22/2019,BU-05,District-08,78.2,4,3,3,188586.69,534
6/16/2019,BU-01,District-08,79.4,5,1,2,76568.38,108
12/13/2019,BU-01,District-05,96.1,1,6,2,239978.19,289
9/21/2019,BU-02,District-04,83.5,3,6,3,105096.92,487
4/16/2020,BU-02,District-10,92.8,5,6,0,43772.45,262
12/7/2020,BU-03,District-01,77.9,1,6,2,21535.85,774
1/5/2019,BU-01,District-10,98.0,0,0,0,206451.22,282
3/19/2021,BU-01,District-10,84.8,1,2,0,38860.94,570
6/17/2021,BU-02,District-04,88.0,2,5,0,78364.67,404
1/5/2021,BU-01,District-03,80.2,0,2,0,26646.18,114
3/28/2020,BU-02,District-02,84.1,3,2,2,211849.44,76
1/23/2021,BU-02,District-05,81.8,0,5,1,237148.02,573
4/19/2020,BU-03,District-10,83.2,2,1,2,115069.01,80
1/16/2019,BU-01,District-06,84.6,3,1,0,136375.4,658
2/26/2020,BU-02,District-01,83.6,1,0,2,211254.27,301
12/9/2019,BU-04,District-05,84.0,4,7,1,181029.38,635
2/3/2021,BU-02,District-09,96.8,3,2,1,16127.09,78
1/4/2021,BU-02,District-05,72.9,1,1,1,167155.95,715
1/7/2019,BU-05,District-04,91.4,5,1,3,171602.33,88
5/3/2020,BU-03,District-05,82.8,4,1,3,50542.96,535
2/25/2021,BU-01,District-05,96.8,1,2,3,24518.5,653
9/22/2020,BU-04,District-07,79.4,3,4,3,40582.15,126
8/18/2019,BU-02,District-07,92.3,1,2,0,241792.74,192
12/13/2021,BU-02,District-03,85.3,4,7,3,121573.92,359
9/30/2020,BU-02,District-08,76.0,0,7,1,46175.56,198
8/19/2020,BU-02,District-10,82.7,1,3,3,206517.73,259
6/1/2020,BU-05,District-08,90.7,5,3,3,69185.44,770
10/23/2021,BU-02,District-09,88.3,2,4,0,33389.78,594
2/2/2019,BU-03,District-09,93.0,5,7,0,56228.06,154
4/5/2020,BU-01,District-05,96.3,1,1,0,64937.55,87
6/25/2021,BU-01,District-01,96.1,1,4,3,146893.82,52
2/12/2021,BU-01,District-09,72.0,5,3,2,106589.99,543
7/14/2019,BU-04,District-07,91.1,3,5,0,237065.15,82
4/2/2019,BU-03,District-10,82.0,3,4,3,49701.3,44
4/23/2019,BU-01,District-01,77.0,3,2,3,143648.33,782
5/5/2020,BU-04,District-07,97.0,5,4,2,104001.74,864
12/23/2021,BU-02,District-01,99.9,4,3,2,247894.21,184
12/2/2019,BU-01,District-04,83.8,0,4,3,191380.46,699
5/31/2019,BU-03,District-02,73.2,3,3,3,240648.78,566
5/25/2021,BU-01,District-10,93.3,5,0,2,70729.73,661
8/13/2020,BU-03,District-07,74.2,4,1,1,167923.68,279
3/3/2020,BU-02,District-09,82.6,5,6,1,61545.94,537
7/22/2019,BU-02,District-01,80.2,5,0,0,65369.8,619
11/14/2021,BU-05,District-06,96.5,3,6,0,223197.26,368
11/30/2021,BU-01,District-04,78.1,1,6,3,132529.51,812
8/25/2020,BU-02,District-01,97.3,3,3,0,245405.49,211
7/6/2021,BU-05,District-02,97.1,1,2,1,11800.98,211
8/5/2019,BU-03,District-04,95.5,0,0,3,32749.57,512
10/19/2020,BU-05,District-01,97.9,4,7,0,232999.0,851
4/22/2021,BU-04,District-08,87.9,5,3,0,245005.96,141
1/17/2021,BU-02,District-05,99.7,1,6,3,83713.64,516
5/6/2019,BU-04,District-01,74.3,3,6,3,142580.01,888
9/16/2020,BU-05,District-03,70.9,0,5,1,233251.05,110
8/15/2019,BU-05,District-09,88.7,2,0,1,213485.62,317
12/16/2019,BU-02,District-05,88.0,1,1,3,208922.7,216
6/13/2019,BU-03,District-03,84.2,4,5,0,190391.68,118
11/10/2020,BU-02,District-03,70.7,4,1,1,238023.26,702
2/28/2021,BU-04,District-04,83.2,4,5,1,12375.46,510
6/19/2021,BU-05,District-05,84.4,0,2,0,132028.45,282
8/22/2019,BU-04,District-01,96.3,4,5,1,229325.93,267
6/12/2021,BU-01,District-10,75.8,5,4,2,112369.02,562
1/21/2019,BU-04,District-03,86.4,2,0,1,137956.01,794
6/2/2020,BU-03,District-08,79.4,3,0,0,115399.16,130
7/24/2019,BU-04,District-09,77.8,4,1,0,10173.78,381
8/7/2020,BU-02,District-04,87.3,5,6,0,142011.94,832
6/10/2019,BU-02,District-05,78.0,1,2,3,119115.83,858
1/20/2020,BU-01,District-06,87.4,2,0,2,185531.17,144
2/7/2020,BU-04,District-06,89.4,3,1,2,180058.63,255
10/28/2020,BU-04,District-08,94.9,0,0,2,247784.02,813
3/12/2021,BU-02,District-03,74.6,3,3,2,11357.65,731
11/26/2021,BU-01,District-05,94.3,5,5,2,112582.24,734
3/11/2021,BU-03,District-01,99.1,1,0,3,199937.11,265
12/25/2019,BU-02,District-03,87.4,2,2,0,29378.65,737
5/14/2019,BU-05,District-10,85.3,3,4,3,65686.58,276
10/17/2021,BU-05,District-08,85.1,2,4,0,125532.25,899
11/8/2021,BU-03,District-08,99.2,0,4,2,205210.84,897
8/3/2020,BU-02,District-05,88.5,3,5,1,89744.08,825
4/8/2020,BU-02,District-06,85.6,5,0,0,60722.88,343
5/6/2019,BU-01,District-05,72.5,0,2,2,130320.42,777
10/3/2021,BU-01,District-03,76.7,2,7,1,194547.01,215
12/20/2020,BU-05,District-01,71.1,4,7,2,224200.24,174
10/24/2021,BU-01,District-03,92.6,3,6,3,179096.89,383
3/18/2020,BU-05,District-06,78.0,1,6,1,243151.1,759
8/18/2020,BU-01,District-07,92.2,4,7,2,31200.01,876
10/28/2019,BU-05,District-04,79.8,3,2,3,205155.94,801
5/27/2020,BU-01,District-03,71.6,2,0,1,117136.78,439
7/30/2019,BU-02,District-01,83.3,1,4,0,40141.85,168
3/23/2020,BU-04,District-01,89.7,3,4,1,215071.75,54
8/24/2019,BU-02,District-05,81.6,0,4,1,247999.15,542
9/27/2021,BU-05,District-08,98.5,1,5,3,71013.04,95
10/6/2020,BU-01,District-08,78.4,3,3,1,107170.79,499
4/3/2021,BU-03,District-08,87.8,4,6,0,18085.85,126
6/10/2020,BU-04,District-05,78.2,4,6,3,145400.03,436
9/2/2019,BU-01,District-09,79.4,0,1,1,187377.65,559
4/29/2021,BU-01,District-04,80.5,4,0,0,90941.8,371
1/18/2021,BU-01,District-09,90.4,3,5,3,245211.12,125
1/30/2020,BU-01,District-07,92.1,0,6,2,215653.93,834
12/17/2021,BU-01,District-04,88.7,3,0,1,186007.56,661
6/13/2019,BU-02,District-03,83.3,0,0,2,109766.85,768
3/2/2021,BU-04,District-01,83.2,0,3,3,26325.92,332
5/15/2020,BU-02,District-07,71.8,1,4,3,149517.7,850
6/29/2019,BU-05,District-10,70.2,1,5,1,115635.55,672
10/22/2020,BU-01,District-03,97.3,1,3,3,249949.56,158
12/11/2021,BU-01,District-08,75.5,5,1,1,54208.15,368
4/4/2021,BU-05,District-02,84.3,3,3,1,177610.93,880
5/6/2021,BU-01,District-10,84.5,4,1,0,108696.75,751
5/29/2021,BU-04,District-02,76.4,0,1,0,104796.95,390
5/30/2021,BU-03,District-10,99.4,5,3,3,76940.32,745
12/12/2021,BU-04,District-02,83.1,5,0,2,33141.69,742
5/15/2019,BU-02,District-07,71.5,2,6,0,195490.34,328
1/2/2021,BU-03,District-01,99.2,4,7,3,111787.41,562
8/2/2020,BU-05,District-03,78.4,3,1,3,57958.99,209
7/21/2020,BU-02,District-07,85.6,4,3,1,173449.71,530
2/25/2021,BU-05,District-01,88.6,0,7,3,139314.88,736
10/28/2021,BU-02,District-08,98.5,3,1,2,95913.35,360
6/17/2019,BU-02,District-05,83.2,3,6,0,166997.15,85
1/14/2020,BU-05,District-02,80.0,5,0,0,237941.11,228
1/20/2019,BU-01,District-07,83.8,2,0,0,125105.14,614
5/11/2019,BU-02,District-03,76.0,4,0,0,102211.86,392
10/20/2019,BU-05,District-02,97.7,2,5,3,218064.24,214
5/24/2021,BU-02,District-07,93.8,1,2,3,54654.25,593
9/8/2019,BU-04,District-05,87.0,5,6,1,178402.01,114
3/1/2019,BU-01,District-06,79.2,0,0,2,201029.76,209
5/25/2019,BU-05,District-09,89.4,2,2,0,214414.9,585
1/5/2021,BU-05,District-02,81.8,2,6,1,129593.81,877
8/9/2020,BU-02,District-05,73.3,2,0,3,238030.45,853
7/27/2020,BU-05,District-01,82.9,0,2,2,110125.15,716
4/27/2021,BU-04,District-01,80.3,3,0,0,67282.16,601
2/21/2020,BU-04,District-03,86.0,5,2,1,237832.68,389
3/5/2020,BU-01,District-06,91.3,3,2,1,90729.01,858
4/20/2020,BU-02,District-09,90.5,0,3,0,165852.49,639
1/11/2021,BU-05,District-09,86.0,2,1,0,193276.19,757
9/24/2020,BU-02,District-06,94.8,3,3,3,173594.9,326
7/11/2019,BU-01,District-05,72.8,1,1,0,58177.83,188
4/28/2020,BU-05,District-04,97.1,0,5,0,137249.17,31
11/26/2019,BU-01,District-06,74.6,3,7,3,127217.77,64
5/14/2021,BU-04,District-06,84.2,4,6,3,15891.35,271
7/7/2019,BU-02,District-10,88.9,2,6,3,165253.06,776
12/21/2021,BU-02,District-04,92.5,3,7,2,244369.84,636
6/11/2019,BU-04,District-03,88.3,4,1,0,133013.75,435
10/7/2019,BU-01,District-01,78.1,0,2,2,201616.81,111
3/9/2019,BU-02,District-04,86.1,3,2,3,79389.38,386
6/22/2021,BU-03,District-10,94.7,5,7,2,204326.08,214
3/13/2021,BU-03,District-01,89.7,4,4,2,228446.98,33
12/4/2020,BU-01,District-03,86.9,5,4,1,55129.13,582
6/12/2021,BU-03,District-02,77.4,2,3,2,238099.32,295
6/20/2019,BU-04,District-07,71.6,3,1,3,244970.34,722
4/24/2019,BU-04,District-08,74.6,1,2,2,81131.2,577
1/4/2021,BU-02,District-02,77.1,4,7,3,84122.19,160
4/28/2020,BU-01,District-02,72.1,3,4,0,25916.6,561
2/26/2021,BU-05,District-02,83.5,5,0,0,43411.97,148
3/15/2019,BU-02,District-08,78.7,5,6,3,184346.95,646
7/8/2019,BU-03,District-04,90.9,0,2,3,79297.66,111
1/22/2020,BU-04,District-04,78.5,4,7,2,122718.89,616
5/28/2020,BU-01,District-10,94.7,0,3,3,34604.84,384
12/17/2019,BU-03,District-07,91.4,0,4,3,33118.27,410
3/14/2019,BU-05,District-05,92.1,3,6,2,186816.21,487
3/24/2020,BU-04,District-05,82.5,0,1,3,60463.22,161
3/2/2020,BU-03,District-01,92.5,2,0,2,47175.6,256
8/20/2020,BU-05,District-06,75.1,5,2,2,211040.55,802
10/2/2020,BU-03,District-05,79.1,3,6,0,242598.48,515
10/6/2021,BU-01,District-03,99.9,3,6,2,101661.26,831
6/8/2019,BU-05,District-04,88.3,4,2,0,14400.86,536
4/7/2019,BU-02,District-02,95.3,5,6,1,96598.19,394
5/31/2019,BU-05,District-10,78.7,3,7,3,169759.69,31
4/10/2020,BU-01,District-10,78.2,0,0,0,43639.72,34
3/31/2019,BU-01,District-06,73.8,0,5,3,30972.5,676
11/25/2019,BU-03,District-03,75.0,1,3,2,20167.62,231
10/26/2020,BU-02,District-02,79.5,4,3,1,83471.33,339
10/16/2020,BU-02,District-03,96.3,5,4,3,206832.35,707
6/12/2020,BU-01,District-10,96.0,3,5,3,182498.21,466
12/30/2019,BU-05,District-07,92.8,3,1,0,63974.83,532
3/26/2021,BU-04,District-06,93.1,3,1,2,126235.5,415
9/20/2020,BU-02,District-10,99.8,1,6,1,75944.56,661
9/29/2021,BU-03,District-08,82.3,1,6,2,96001.9,853
7/26/2019,BU-05,District-08,70.0,0,3,3,221464.44,519
5/24/2019,BU-03,District-01,72.2,5,4,2,148526.09,665
6/13/2019,BU-05,District-01,88.0,2,0,1,85801.11,456
12/2/2021,BU-03,District-02,79.7,0,4,0,110882.56,750
4/6/2021,BU-05,District-02,81.3,5,7,0,230393.62,327
10/18/2019,BU-05,District-03,71.1,2,4,1,124592.58,32
5/2/2019,BU-04,District-08,91.9,4,2,3,65455.7,813
10/19/2021,BU-03,District-01,96.8,3,4,3,107105.14,656
5/23/2019,BU-03,District-02,80.1,3,2,1,98196.56,788
4/16/2021,BU-02,District-01,88.7,0,3,3,30844.33,473
3/8/2019,BU-04,District-01,83.0,4,3,3,202680.22,35
12/1/2020,BU-02,District-02,99.8,0,2,3,86608.75,229
5/7/2021,BU-03,District-05,94.6,5,7,0,237142.82,394
2/7/2020,BU-02,District-09,84.3,1,4,2,144178.26,57
9/4/2020,BU-01,District-10,92.2,5,4,2,82549.56,604
1/12/2021,BU-01,District-09,82.5,0,1,1,135570.9,771
12/25/2021,BU-04,District-01,99.2,0,4,3,220760.75,711
10/27/2019,BU-01,District-05,95.1,3,1,3,242764.92,891
8/16/2020,BU-03,District-01,73.5,2,3,1,83545.37,191
2/17/2019,BU-04,District-05,84.8,1,3,1,243698.95,331
12/27/2020,BU-04,District-05,76.4,3,5,2,49857.68,524
5/10/2020,BU-01,District-04,79.4,1,0,1,145920.0,805
2/7/2019,BU-02,District-07,86.0,3,4,3,185382.64,256
3/18/2019,BU-02,District-06,82.0,0,3,2,14853.15,71
9/11/2020,BU-03,District-02,95.6,4,5,1,62271.13,243
2/23/2019,BU-01,District-10,94.5,2,2,2,186954.52,559
1/9/2019,BU-02,District-06,84.6,3,2,1,6160.62,462
8/16/2021,BU-05,District-06,97.5,5,4,0,149503.37,652
4/7/2019,BU-01,District-04,90.3,0,5,0,243450.58,521
10/23/2021,BU-01,District-10,71.0,0,0,1,195250.26,744
9/5/2020,BU-04,District-03,81.6,3,7,1,228509.67,493
5/12/2021,BU-01,District-03,98.1,3,3,3,210657.31,675
10/30/2019,BU-01,District-02,83.5,5,2,3,75146.32,107
6/7/2021,BU-04,District-03,87.3,5,2,1,206514.49,68
2/18/2021,BU-05,District-02,71.6,4,5,0,245646.0,445
12/12/2021,BU-04,District-05,78.8,5,5,0,58733.4,743
11/4/2019,BU-01,District-03,84.5,1,3,1,131643.54,405
11/7/2019,BU-02,District-02,85.2,5,6,1,86012.39,197
2/26/2020,BU-04,District-08,78.1,1,1,0,220287.74,608
4/5/2019,BU-03,District-05,77.0,5,5,2,110779.35,181
11/17/2021,BU-05,District-06,82.7,5,5,3,161029.19,103
1/4/2021,BU-02,District-07,84.0,0,4,0,154109.3,369
9/3/2019,BU-03,District-07,96.2,0,2,3,145515.99,93
8/19/2021,BU-03,District-09,71.0,5,2,0,132712.57,752
7/1/2021,BU-01,District-06,96.0,3,0,3,83708.15,844
7/29/2021,BU-01,District-10,90.4,4,4,1,226624.72,308
7/8/2020,BU-04,District-02,71.7,3,3,0,56741.16,403
1/16/2019,BU-05,District-04,95.6,0,3,2,222419.88,487
10/21/2020,BU-03,District-07,98.6,1,6,0,229551.39,205
1/3/2020,BU-04,District-06,84.7,1,0,1,121276.41,339
9/26/2021,BU-05,District-10,76.4,0,5,0,14830.88,469
9/27/2019,BU-05,District-01,96.2,2,4,1,12744.11,428
3/9/2019,BU-03,District-08,87.6,2,5,2,40385.85,95
3/25/2021,BU-05,District-08,72.4,1,3,2,97960.29,380
5/5/2020,BU-04,District-05,99.7,5,1,2,214710.28,290
6/7/2019,BU-04,District-03,73.5,2,2,2,145516.42,223
12/16/2019,BU-01,District-06,99.6,3,3,0,30016.48,155
12/15/2019,BU-04,District-04,95.1,5,5,1,237854.59,535
12/23/2020,BU-04,District-04,72.4,5,6,3,166439.59,299
3/1/2021,BU-01,District-08,90.2,4,0,1,197580.53,715
5/31/2019,BU-04,District-06,75.0,3,2,1,92531.97,74
11/9/2019,BU-04,District-10,88.8,1,2,0,226374.15,507
7/8/2019,BU-05,District-06,92.6,3,1,1,160246.34,130
5/24/2021,BU-04,District-07,81.3,2,2,0,22426.94,606
12/1/2019,BU-05,District-01,70.6,0,0,1,182236.19,106
6/12/2020,BU-03,District-02,84.5,2,6,3,244648.75,106
4/23/2020,BU-01,District-02,71.6,5,3,3,243794.55,799
1/26/2021,BU-02,District-03,80.8,5,7,0,223767.1,495
5/26/2019,BU-01,District-08,71.0,5,1,1,104048.9,112
1/8/2020,BU-05,District-09,95.8,1,0,1,7379.98,226
10/27/2020,BU-05,District-05,85.3,2,5,0,114493.19,421
5/9/2019,BU-05,District-03,77.2,3,0,1,240236.59,350
11/3/2019,BU-03,District-10,88.6,5,5,0,148631.92,439
6/6/2021,BU-05,District-02,90.3,2,3,1,208211.8,398
4/30/2020,BU-05,District-02,96.5,4,1,0,19350.9,808
11/13/2021,BU-03,District-06,93.7,5,7,0,51800.98,761
10/20/2019,BU-05,District-07,92.8,3,3,2,20511.38,875
5/26/2021,BU-02,District-10,88.0,5,0,1,97936.67,567
2/23/2021,BU-02,District-05,73.8,4,1,1,91082.77,501
4/11/2020,BU-04,District-03,78.3,1,6,2,121627.35,416
6/13/2021,BU-05,District-03,94.9,3,5,1,126163.81,373
1/8/2019,BU-01,District-06,76.0,1,4,2,180312.91,288
8/25/2021,BU-03,District-04,79.0,5,7,2,75518.13,801
9/20/2019,BU-05,District-03,89.3,0,6,3,249457.73,895
12/4/2021,BU-05,District-08,71.7,4,0,2,51004.68,359
12/11/2019,BU-02,District-02,78.2,0,5,1,93373.64,195
2/17/2021,BU-04,District-08,85.2,4,4,0,182186.2,705
4/1/2021,BU-04,District-07,98.5,1,7,1,78214.53,849
11/10/2020,BU-05,District-03,83.7,3,4,2,233081.47,54
8/27/2019,BU-05,District-10,85.3,1,0,0,43558.73,798
11/29/2020,BU-01,District-05,72.0,4,1,1,188543.24,886
4/25/2020,BU-04,District-09,86.7,5,5,0,133984.31,89
6/2/2019,BU-02,District-01,78.5,0,2,3,123210.83,135
12/14/2021,BU-01,District-07,85.9,3,0,3,146221.02,388
4/24/2021,BU-04,District-02,96.3,5,1,2,32321.67,665
11/1/2019,BU-02,District-09,97.8,1,4,3,216591.98,203
9/20/2019,BU-02,District-08,99.5,0,7,3,76816.13,548
11/8/2020,BU-03,District-06,72.9,2,4,3,130822.84,858
5/4/2021,BU-03,District-02,87.2,5,1,3,115779.54,366
10/27/2019,BU-04,District-07,80.2,1,6,3,199678.98,575
9/15/2021,BU-04,District-04,81.9,5,0,0,78504.2,661
2/26/2019,BU-02,District-09,76.1,3,7,3,49764.37,283
3/21/2021,BU-04,District-01,98.6,3,2,1,137433.17,435
3/22/2021,BU-04,District-02,88.8,1,6,2,102380.42,465
11/6/2019,BU-02,District-06,98.5,4,1,2,52175.03,874
1/25/2021,BU-02,District-05,80.8,2,0,1,168061.05,441
8/12/2021,BU-04,District-06,93.2,1,5,3,145004.54,879
5/14/2019,BU-05,District-03,96.6,1,5,2,40371.66,369
3/16/2020,BU-03,District-09,87.1,3,3,3,142980.12,291
3/7/2020,BU-02,District-07,91.7,3,4,0,147323.36,361
6/5/2021,BU-01,District-03,89.3,3,5,1,157343.78,444
2/27/2020,BU-02,District-03,92.0,3,4,1,242462.73,350
1/1/2019,BU-02,District-01,99.1,0,6,1,187295.26,210
3/10/2020,BU-04,District-04,87.7,0,3,0,213124.35,858
2/14/2019,BU-01,District-01,70.9,0,5,2,112732.11,158
9/5/2020,BU-04,District-08,90.5,1,3,0,249403.67,831
9/18/2021,BU-02,District-09,97.9,2,7,3,216402.23,48
3/25/2019,BU-05,District-07,75.7,0,7,3,186688.39,873
2/5/2019,BU-03,District-01,71.1,4,2,1,164036.71,522
12/28/2020,BU-04,District-06,78.9,3,1,1,75619.56,309
8/17/2020,BU-04,District-03,71.1,2,0,0,76106.42,394
10/21/2020,BU-04,District-09,77.2,3,7,3,184651.82,114
6/1/2020,BU-04,District-02,99.7,0,2,2,163829.31,700
6/15/2020,BU-03,District-04,72.8,3,3,3,23248.91,413
9/13/2019,BU-01,District-02,72.3,1,5,2,73834.17,584
2/24/2020,BU-01,District-09,86.2,5,7,3,163699.9,351
9/15/2019,BU-01,District-01,83.9,0,4,2,231831.72,716
2/25/2019,BU-01,District-02,81.5,3,6,0,143669.93,211
5/16/2020,BU-03,District-05,98.0,3,1,2,193286.86,718
2/3/2019,BU-04,District-09,80.9,4,5,0,156974.26,813
11/9/2020,BU-04,District-02,95.1,1,7,2,6035.32,397
7/31/2019,BU-02,District-09,95.7,0,6,0,211393.21,423
3/24/2021,BU-03,District-02,83.0,4,6,3,200722.66,506
6/3/2020,BU-04,District-03,85.6,4,2,3,78828.96,301
1/20/2021,BU-05,District-04,99.2,0,6,3,59896.79,137
5/11/2019,BU-04,District-07,90.5,1,0,1,197961.43,798
12/29/2019,BU-02,District-10,84.4,5,1,0,204488.25,829
5/20/2019,BU-05,District-10,80.0,5,6,1,67322.32,678
8/15/2021,BU-02,District-07,79.4,5,3,2,36389.33,487
7/14/2020,BU-04,District-07,90.3,2,5,0,131653.57,198
9/7/2021,BU-02,District-10,84.5,5,5,0,74171.79,591
11/27/2020,BU-01,District-09,86.2,3,2,0,178936.55,135
10/20/2020,BU-01,District-08,94.0,0,1,0,210907.13,500
1/13/2019,BU-04,District-02,73.2,0,5,0,194017.49,837
7/14/2021,BU-02,District-10,75.7,2,0,1,47369.74,660
2/12/2019,BU-02,District-08,88.7,0,3,3,89823.57,727
2/20/2020,BU-01,District-06,97.9,1,5,1,210109.67,758
12/26/2020,BU-05,District-04,76.4,2,7,1,68644.69,348
7/9/2019,BU-03,District-09,97.8,4,6,3,88274.28,187
3/11/2020,BU-02,District-02,78.7,0,5,1,38151.38,97
2/18/2019,BU-03,District-10,72.7,4,3,0,127630.84,127
7/31/2021,BU-04,District-01,85.7,1,3,3,106516.12,729
11/19/2020,BU-02,District-03,85.3,3,3,3,241539.89,823
10/22/2020,BU-01,District-07,72.5,0,4,1,77337.14,300
4/11/2021,BU-02,District-06,93.9,4,3,2,82593.74,672
11/19/2019,BU-01,District-03,82.1,5,0,0,226265.66,547
10/16/2021,BU-05,District-09,72.2,4,5,1,68869.24,38
3/15/2020,BU-03,District-10,77.3,1,0,2,148673.91,276
6/16/2019,BU-04,District-10,74.2,4,0,1,141824.18,195
9/6/2019,BU-01,District-08,71.9,1,7,0,66607.88,692
9/25/2021,BU-01,District-07,95.8,1,0,2,22217.92,308
3/19/2019,BU-02,District-09,90.5,1,1,3,131229.78,750
7/5/2021,BU-05,District-03,91.3,4,3,3,89810.2,144
6/15/2019,BU-05,District-03,81.3,4,5,2,81519.59,154
3/9/2021,BU-02,District-09,90.8,2,2,1,19240.67,560
1/13/2019,BU-02,District-04,80.7,2,4,1,34596.7,514
11/11/2021,BU-02,District-08,98.9,5,4,2,195028.69,655
