district_id,employee_turnover_rate_annual_percent,employee_engagement_score_1_to_10,guard_tour_completion_rate_percent,required_training_completion_rate_percent,officer_absenteeism_rate_percent,weekly_overtime_hours_per_officer,lost_time_injury_rate_ltir
DIST-NE-01,19.1,6.5,90.9,95.4,1.4,7.8,3.2
DIST-CEN-05,33.3,7.8,94.3,91.9,8.9,5.0,3.0
DIST-CEN-05,6.2,8.6,93.0,91.2,6.8,3.4,4.4
DIST-E-08,37.4,9.2,91.3,96.2,8.3,0.9,2.6
DIST-E-08,43.0,9.1,90.7,87.1,5.1,3.4,4.7
DIST-N-07,44.0,8.8,76.2,98.2,1.9,9.1,3.7
DIST-S-06,43.1,5.9,87.7,85.4,1.7,3.0,4.5
DIST-W-09,8.7,4.9,87.1,98.5,3.8,4.5,4.7
DIST-CEN-05,21.5,5.2,75.1,99.5,5.3,2.3,1.6
DIST-N-07,40.3,3.0,77.9,97.8,2.1,2.3,4.4
DIST-SW-02,17.5,7.3,83.8,95.5,1.7,6.6,3.8
DIST-SW-10,37.9,9.0,87.0,99.6,6.8,7.1,2.2
DIST-S-06,34.8,3.9,96.9,84.0,9.6,3.0,3.2
DIST-NW-03,36.2,3.1,83.7,89.7,2.0,1.8,2.9
DIST-NE-01,31.1,4.5,84.7,84.0,9.3,0.5,2.5
DIST-N-07,35.8,8.5,81.9,82.4,4.7,6.0,4.4
DIST-S-06,18.3,7.0,78.4,85.1,3.3,6.4,4.3
DIST-S-06,9.0,5.9,96.8,88.4,3.0,3.2,4.5
DIST-N-07,19.1,4.9,78.6,88.8,1.1,0.8,4.0
DIST-SW-10,18.1,8.0,85.0,81.2,4.5,7.2,3.3
DIST-NW-03,22.1,5.7,90.2,87.3,7.1,1.4,2.2
DIST-SW-02,16.7,5.9,76.2,95.3,2.3,9.5,3.2
DIST-NE-01,19.7,8.2,90.3,87.7,3.6,4.2,4.9
DIST-W-09,12.6,7.8,75.5,98.8,5.2,8.0,1.3
DIST-S-06,15.6,7.5,80.1,88.3,4.3,7.9,0.7
DIST-NW-03,20.3,8.1,92.5,84.7,2.9,3.1,3.9
DIST-SW-10,44.1,9.3,99.6,98.6,1.8,3.1,2.8
DIST-SW-10,14.2,3.8,82.7,98.4,3.3,6.6,1.9
DIST-N-07,35.4,4.7,92.1,99.6,3.8,0.5,2.5
DIST-CEN-05,43.5,4.3,82.8,84.4,9.4,5.4,3.3
DIST-W-09,6.4,8.1,91.5,98.2,6.2,9.9,3.9
DIST-W-09,30.2,4.8,80.1,85.7,9.5,2.4,1.1
DIST-S-06,19.2,4.5,99.7,87.1,5.6,9.9,2.0
DIST-S-06,41.1,7.4,80.7,89.3,2.5,0.1,3.4
DIST-N-07,23.5,9.4,75.1,81.1,7.2,5.4,1.2
DIST-SE-04,20.9,5.4,89.0,90.4,1.4,3.1,3.7
DIST-N-07,35.8,5.5,95.8,91.5,2.6,0.1,4.3
DIST-N-07,33.1,6.8,92.0,87.8,4.9,3.2,4.5
DIST-SE-04,25.9,8.5,78.2,91.9,9.7,6.0,3.1
DIST-E-08,23.0,4.4,79.9,97.6,5.4,8.1,3.8
DIST-N-07,6.1,5.9,89.6,99.9,6.7,2.0,4.3
DIST-SW-10,34.5,9.4,94.8,83.2,4.6,7.3,4.9
DIST-NW-03,25.5,4.6,84.0,95.1,7.9,6.6,1.3
DIST-S-06,41.6,8.1,95.5,83.9,6.0,6.1,1.0
DIST-E-08,36.4,7.0,77.7,85.0,3.5,3.7,4.2
DIST-NW-03,39.7,5.7,97.3,97.7,3.9,0.4,4.9
DIST-N-07,27.8,3.0,98.1,98.4,5.6,4.6,2.9
DIST-SE-04,5.7,8.0,85.9,94.3,3.2,6.7,4.2
DIST-CEN-05,42.4,6.6,84.1,80.2,4.7,5.2,2.3
DIST-NE-01,13.3,7.4,81.2,83.6,4.1,5.7,3.4
DIST-SW-02,14.4,5.3,77.1,87.0,5.5,6.6,4.2
DIST-SE-04,25.6,5.3,86.7,95.2,7.3,6.1,1.6
DIST-SW-10,27.6,8.4,75.4,91.4,4.9,5.1,3.1
DIST-E-08,9.4,4.4,89.4,89.2,4.2,4.5,1.7
DIST-SE-04,44.3,4.6,87.0,91.6,8.7,6.1,3.6
DIST-CEN-05,29.8,6.7,91.1,90.8,3.7,9.9,3.8
DIST-NW-03,23.2,7.9,87.4,99.2,2.5,8.1,2.9
DIST-N-07,27.8,5.8,97.1,88.5,6.9,9.5,3.8
DIST-NE-01,6.4,4.3,90.4,83.4,7.3,4.4,4.4
DIST-N-07,25.2,6.2,93.2,88.5,8.7,4.7,1.4
DIST-SE-04,38.6,6.9,89.7,87.4,5.8,4.5,5.0
DIST-N-07,22.8,4.6,94.4,96.8,7.9,6.4,2.1
DIST-NW-03,25.5,8.2,99.4,87.1,5.8,1.4,1.1
DIST-SW-10,40.2,7.2,98.3,86.4,4.3,7.4,4.2
DIST-S-06,18.6,6.1,98.3,95.4,5.3,2.2,1.2
DIST-E-08,5.2,7.7,83.6,92.0,8.8,3.7,1.4
DIST-NW-03,22.2,4.6,90.3,82.4,3.3,5.4,4.6
DIST-S-06,10.2,5.5,75.8,88.3,1.4,4.1,4.4
DIST-SW-10,10.6,9.4,82.4,84.9,7.0,9.2,3.8
DIST-CEN-05,16.4,3.9,76.1,92.5,1.8,2.3,2.4
DIST-NW-03,19.1,4.7,95.8,99.1,8.7,6.0,3.0
DIST-E-08,41.0,4.8,87.4,91.8,4.0,3.4,2.8
DIST-W-09,28.6,6.8,88.5,80.7,2.1,3.5,2.1
DIST-S-06,38.6,5.6,83.9,91.6,8.6,6.3,1.6
DIST-NE-01,34.8,7.2,80.1,84.4,7.0,2.1,4.4
DIST-SW-10,18.8,3.7,88.5,94.3,7.4,4.7,2.9
DIST-CEN-05,11.7,3.9,96.6,89.6,6.4,9.1,1.1
DIST-CEN-05,27.3,7.5,85.7,98.8,7.6,6.3,2.5
DIST-S-06,37.6,4.3,97.2,89.5,1.4,7.1,3.9
DIST-N-07,15.9,6.2,80.3,88.9,8.6,3.0,4.5
DIST-SW-10,24.2,5.9,91.5,87.3,4.9,4.6,2.9
DIST-NW-03,34.3,9.5,82.5,89.6,6.9,7.9,4.3
DIST-E-08,40.7,9.1,77.5,82.9,6.6,7.0,4.1
DIST-S-06,10.7,4.7,97.3,89.4,8.9,5.6,4.6
DIST-SW-02,34.8,6.6,88.9,97.0,2.9,1.0,4.0
DIST-E-08,33.5,5.5,76.2,85.7,1.6,8.4,2.5
DIST-S-06,31.4,9.4,79.2,86.6,4.9,5.7,4.5
DIST-W-09,21.9,8.5,96.3,92.4,7.5,6.7,1.0
DIST-SW-10,12.3,8.9,93.0,93.7,5.1,6.0,0.8
DIST-SW-02,36.6,7.8,82.4,81.8,2.9,0.9,2.3
DIST-E-08,22.0,6.0,94.9,87.2,6.1,4.6,0.6
DIST-N-07,15.8,5.7,88.9,86.3,6.0,8.7,1.6
DIST-W-09,33.0,5.6,89.8,82.5,9.2,1.1,3.4
DIST-E-08,15.2,3.2,89.2,84.4,5.5,9.4,0.9
DIST-CEN-05,8.5,5.9,81.4,80.3,4.4,3.6,1.8
DIST-S-06,15.8,7.5,91.8,89.6,8.9,3.8,3.2
DIST-SW-10,32.2,6.1,86.1,98.4,9.5,3.0,4.5
DIST-NE-01,25.0,9.4,97.5,87.5,7.0,7.4,2.3
DIST-N-07,34.7,8.9,84.7,91.3,3.3,3.5,3.7
DIST-N-07,13.8,3.1,95.1,83.0,1.8,6.7,1.2
DIST-S-06,23.7,7.9,83.7,86.6,4.6,4.0,3.4
DIST-W-09,22.8,7.4,93.4,91.6,2.9,2.8,1.5
DIST-SW-02,27.5,8.2,83.2,83.9,9.2,3.8,1.2
DIST-SE-04,26.5,8.7,96.0,81.7,6.2,4.1,4.4
DIST-CEN-05,18.5,8.3,79.6,98.1,8.1,3.1,3.7
DIST-E-08,5.2,7.5,80.7,95.3,5.2,2.1,0.6
DIST-SW-02,20.4,8.8,86.4,92.6,4.3,7.9,1.8
DIST-NW-03,22.4,3.3,88.9,87.8,3.8,5.1,4.1
DIST-E-08,43.3,3.5,75.4,84.7,8.9,4.0,1.1
DIST-E-08,24.2,3.2,94.3,82.8,2.7,2.2,1.4
DIST-S-06,14.6,7.2,87.6,97.9,6.4,8.9,2.9
DIST-NE-01,33.9,9.0,96.8,99.1,4.3,0.2,0.6
DIST-S-06,21.8,7.6,90.6,91.4,3.2,3.1,4.1
DIST-SE-04,5.3,8.6,95.9,83.9,3.2,0.4,3.9
DIST-SW-10,43.1,6.1,97.4,94.5,9.5,9.9,2.7
DIST-W-09,26.9,3.4,99.0,80.3,8.2,6.0,4.4
DIST-W-09,43.2,6.8,93.8,81.5,8.6,3.1,2.4
DIST-N-07,16.0,9.4,76.0,88.0,1.8,5.8,1.7
DIST-SW-10,34.4,6.0,79.9,83.1,6.3,0.3,3.7
DIST-S-06,5.7,4.0,98.9,96.0,5.8,7.8,3.8
DIST-W-09,24.7,3.8,93.1,93.8,3.6,8.3,1.9
DIST-SW-10,29.7,4.1,98.6,84.9,9.9,5.4,4.3
DIST-N-07,5.8,6.5,88.4,99.6,7.6,2.5,4.6
DIST-SW-02,6.7,8.5,86.8,87.6,3.8,3.9,2.5
DIST-NW-03,8.9,5.0,86.7,90.8,6.9,6.3,2.0
DIST-NE-01,23.9,6.3,87.6,87.2,3.4,3.7,2.1
DIST-SW-10,36.7,6.5,97.3,93.6,1.4,1.3,2.9
DIST-CEN-05,17.0,6.8,80.4,82.9,9.6,1.2,0.8
DIST-SW-02,25.2,4.6,76.4,89.5,3.0,5.9,1.6
DIST-NW-03,22.7,6.1,85.4,94.3,5.9,6.0,1.3
DIST-SE-04,36.8,6.0,85.1,89.5,6.0,6.4,1.5
DIST-E-08,40.2,3.1,89.4,90.3,2.4,1.0,2.8
DIST-S-06,32.0,9.0,85.4,80.3,6.5,1.4,3.7
DIST-SW-02,17.3,7.4,86.1,97.8,6.3,5.9,1.4
DIST-CEN-05,22.5,5.0,88.6,97.2,6.5,1.6,3.2
DIST-SE-04,19.4,7.0,96.7,84.4,9.2,1.5,3.7
DIST-SW-10,24.6,4.1,95.1,96.6,1.5,2.3,0.9
DIST-NE-01,6.3,6.7,97.7,94.3,6.2,2.9,3.0
DIST-N-07,6.4,8.8,80.0,80.4,1.1,2.5,2.4
DIST-SE-04,32.4,3.3,88.3,97.9,9.5,9.0,4.9
DIST-SW-10,24.8,3.4,92.6,96.4,6.4,6.0,3.8
DIST-W-09,19.9,4.8,92.8,82.0,5.5,1.5,4.9
DIST-SE-04,25.0,7.1,94.0,84.0,9.7,2.2,3.0
DIST-W-09,10.0,7.2,81.8,87.7,6.6,4.0,4.6
DIST-SE-04,20.3,5.6,84.4,94.2,7.6,5.9,1.1
DIST-SE-04,18.8,7.7,77.9,99.9,7.5,6.7,3.0
DIST-E-08,42.5,4.3,86.0,92.2,5.7,1.0,3.8
DIST-NE-01,19.9,5.5,87.4,88.9,1.8,4.0,4.5
DIST-NE-01,19.5,9.2,95.0,82.7,5.7,1.6,1.7
DIST-SE-04,32.3,7.6,82.6,84.2,1.1,8.8,1.0
DIST-SW-02,25.4,6.1,84.1,92.8,5.5,1.1,3.1
DIST-W-09,11.5,6.3,84.0,87.4,7.8,8.5,3.0
DIST-SW-10,23.6,6.6,79.5,90.0,9.2,0.1,4.8
DIST-NE-01,43.2,7.3,93.0,93.2,3.1,5.0,1.1
DIST-SW-10,24.6,8.7,90.0,86.9,7.3,7.1,4.8
DIST-CEN-05,38.9,6.5,76.3,84.8,1.8,8.5,1.5
DIST-NW-03,15.0,7.8,96.6,87.7,2.5,9.2,1.8
DIST-NE-01,16.3,8.9,82.2,92.2,3.2,3.1,3.3
DIST-SW-02,18.0,8.6,84.7,82.5,9.6,1.5,3.5
DIST-W-09,16.6,6.4,78.1,97.1,4.3,7.4,1.8
DIST-W-09,14.9,9.4,75.3,98.6,3.6,6.8,4.9
DIST-SW-10,22.9,3.5,76.2,97.2,2.1,4.2,1.5
DIST-SE-04,11.9,7.2,82.6,93.6,5.5,4.6,2.7
DIST-W-09,25.6,6.6,96.2,90.8,3.3,4.1,2.3
DIST-SW-02,41.7,8.1,84.2,81.7,10.0,9.6,4.3
DIST-SW-10,33.6,7.1,92.5,91.0,5.7,1.8,2.6
DIST-SW-02,29.3,4.6,82.3,81.4,7.6,6.0,3.1
DIST-SW-02,42.7,4.7,81.2,95.7,3.7,4.1,1.0
DIST-SW-02,32.0,3.5,81.2,83.6,1.7,7.7,4.3
DIST-CEN-05,42.3,5.8,88.0,88.1,9.9,4.5,4.8
DIST-NE-01,17.9,4.1,95.8,95.7,9.2,6.9,3.3
DIST-W-09,25.2,4.3,82.3,86.6,7.3,9.7,4.0
DIST-SW-10,27.6,6.7,86.4,87.0,6.8,1.8,1.9
DIST-SW-02,25.5,3.0,82.3,93.8,4.6,8.6,1.1
DIST-N-07,25.4,7.9,87.3,97.4,8.1,5.2,3.2
DIST-NW-03,25.4,3.8,82.3,98.7,6.0,1.0,4.7
DIST-NW-03,22.4,7.3,91.9,84.6,9.8,3.9,4.6
DIST-E-08,16.4,7.4,84.5,96.7,7.0,4.5,1.3
DIST-W-09,28.1,3.2,79.3,89.9,5.1,0.2,4.6
DIST-NE-01,13.4,4.9,93.1,84.4,5.9,8.6,3.1
DIST-CEN-05,13.7,5.1,78.3,90.4,1.1,4.2,1.8
DIST-W-09,25.8,5.8,85.4,95.4,8.2,5.3,2.5
DIST-SW-02,29.4,5.4,95.2,91.1,6.1,7.5,1.7
DIST-N-07,28.1,3.1,95.1,83.7,4.0,9.5,2.4
DIST-NW-03,17.9,5.3,93.1,94.9,6.3,7.9,3.5
DIST-SE-04,44.7,8.9,84.4,82.6,6.8,0.6,3.8
DIST-S-06,40.0,8.3,86.0,85.3,7.4,7.4,1.4
DIST-CEN-05,27.5,4.8,91.4,98.0,7.7,3.5,1.2
DIST-NE-01,42.0,3.3,94.0,88.3,4.1,3.1,1.6
DIST-S-06,20.1,4.3,78.9,81.6,4.5,5.5,1.2
DIST-N-07,41.4,3.1,91.7,90.6,9.4,2.4,3.0
DIST-S-06,7.8,8.9,88.8,99.6,7.8,6.8,2.8
DIST-SW-02,42.3,9.3,96.4,90.3,1.2,7.8,3.8
DIST-N-07,20.0,3.1,91.3,80.4,3.2,5.8,4.3
DIST-SW-10,8.4,4.2,97.3,87.0,7.1,6.2,4.3
DIST-S-06,13.2,4.4,87.2,84.7,6.5,7.2,3.7
DIST-SE-04,14.0,7.2,86.1,88.9,4.4,6.9,4.2
DIST-NE-01,10.4,6.1,88.8,95.1,3.2,7.2,1.5
DIST-SW-10,41.6,8.4,82.6,97.7,9.2,0.8,4.9
DIST-N-07,37.9,7.5,90.5,89.4,9.5,6.6,4.2
DIST-SW-02,13.6,7.9,83.7,99.6,4.3,3.3,1.2
DIST-W-09,24.8,4.9,82.1,86.8,7.7,7.4,4.7
DIST-W-09,7.0,9.0,97.8,99.6,6.4,3.1,1.3
DIST-CEN-05,30.3,4.1,88.2,82.7,9.5,3.5,2.1
DIST-N-07,31.0,3.5,97.5,82.4,1.4,6.2,0.9
DIST-SW-02,6.7,6.1,88.7,88.7,2.8,3.8,1.6
DIST-SE-04,31.5,5.2,86.0,92.8,8.3,5.1,1.3
DIST-SE-04,40.0,5.8,78.4,91.2,9.2,9.3,1.4
DIST-N-07,13.1,3.3,84.7,94.0,8.6,0.3,4.0
DIST-N-07,17.1,5.1,77.2,94.2,6.1,1.3,1.7
DIST-SE-04,29.6,3.2,95.1,96.8,5.6,0.5,0.8
DIST-N-07,22.4,6.7,80.1,80.7,9.2,5.7,2.2
DIST-S-06,26.7,8.5,75.2,95.3,2.7,10.0,0.9
DIST-SW-02,16.9,5.6,94.7,97.2,1.7,6.2,2.8
DIST-S-06,42.8,6.6,75.4,95.0,2.9,5.2,5.0
DIST-S-06,44.7,3.3,94.9,92.9,6.5,0.8,2.6
DIST-SW-02,41.5,4.9,81.7,98.5,6.5,6.5,2.3
DIST-SW-10,21.7,7.8,81.6,83.7,9.5,2.2,1.5
DIST-NE-01,7.3,6.9,75.8,80.3,5.6,10.0,2.6
DIST-NW-03,36.7,6.7,97.7,93.8,2.5,1.8,2.3
DIST-N-07,35.1,5.6,91.2,93.5,6.4,4.0,2.2
DIST-CEN-05,34.7,3.4,81.2,85.1,1.5,2.0,3.6
DIST-NE-01,21.9,9.5,92.4,83.5,5.4,3.7,2.8
DIST-NE-01,36.3,8.6,76.0,80.8,7.1,8.4,4.4
DIST-NW-03,22.4,7.7,89.3,80.0,4.6,6.8,4.8
DIST-NW-03,38.9,4.9,89.9,99.5,7.5,1.1,0.6
DIST-CEN-05,41.8,9.0,93.1,93.1,6.4,0.8,2.7
DIST-NE-01,15.9,6.2,91.0,84.0,8.8,7.6,4.8
DIST-SE-04,38.0,7.1,94.3,97.6,9.1,5.9,2.8
DIST-SW-10,34.2,4.1,81.2,97.8,6.5,9.6,1.8
DIST-SE-04,20.6,7.6,84.2,95.0,8.8,0.8,4.0
DIST-CEN-05,25.2,4.2,77.1,84.8,4.8,9.0,2.2
DIST-CEN-05,42.4,3.2,83.3,88.3,9.0,0.3,5.0
DIST-NE-01,11.7,4.9,89.8,81.9,1.8,5.1,0.6
DIST-NW-03,36.2,3.2,98.9,87.7,9.4,5.5,4.6
DIST-E-08,26.7,5.8,99.4,98.7,6.8,5.9,3.9
DIST-NW-03,31.3,9.1,82.4,93.4,9.2,7.8,2.6
DIST-NW-03,38.8,9.0,80.4,81.6,3.1,3.4,3.6
DIST-SW-10,17.6,8.9,92.2,88.6,6.0,3.9,1.7
DIST-S-06,21.7,5.6,78.3,87.0,4.5,3.4,3.0
DIST-E-08,23.4,4.3,93.1,95.9,7.8,6.6,2.2
DIST-E-08,10.1,5.2,96.8,86.4,1.9,3.8,1.9
DIST-N-07,19.9,8.8,76.4,82.7,6.2,9.2,3.0
DIST-SE-04,5.9,7.5,99.2,98.3,4.4,5.2,2.4
DIST-NW-03,36.0,7.7,85.4,86.7,8.9,3.3,0.7
DIST-CEN-05,42.6,7.7,93.9,86.7,4.9,6.2,1.5
DIST-SE-04,6.8,4.1,89.1,81.0,6.8,0.8,2.3
DIST-E-08,29.5,7.3,85.8,85.9,1.5,3.8,1.6
DIST-SE-04,19.6,8.8,76.0,95.6,9.8,3.3,3.7
DIST-E-08,42.7,6.3,98.0,81.5,3.1,7.5,5.0
DIST-NE-01,16.8,5.0,78.3,87.4,4.5,3.6,1.7
DIST-SE-04,43.6,9.0,83.2,91.5,2.7,0.0,4.1
DIST-NW-03,25.2,6.3,92.4,96.0,9.7,3.6,3.5
DIST-SW-02,40.6,8.5,77.2,96.8,5.0,9.3,1.3
DIST-S-06,10.3,4.6,75.9,84.0,4.1,1.7,4.8
DIST-SW-10,36.8,4.7,84.9,92.5,7.3,6.9,5.0
DIST-E-08,30.7,5.6,85.6,80.5,9.4,2.0,3.9
DIST-E-08,33.8,4.4,91.1,88.4,3.6,6.6,3.3
DIST-N-07,14.6,5.7,84.1,85.8,4.3,1.4,3.6
DIST-SW-10,43.2,4.7,76.9,81.7,3.4,8.1,1.3
DIST-CEN-05,14.5,7.1,95.6,91.4,8.3,7.6,3.2
DIST-S-06,38.5,7.3,90.4,81.6,8.5,4.8,4.4
DIST-SW-10,16.0,9.4,96.2,91.3,8.9,3.6,2.1
DIST-NE-01,25.1,4.1,93.8,88.3,1.9,7.6,1.6
DIST-NE-01,24.0,6.6,80.1,86.2,2.6,7.3,1.9
DIST-NE-01,44.9,4.1,88.4,99.7,7.9,9.8,4.7
DIST-SW-02,35.1,9.1,89.7,93.0,8.0,7.2,1.3
DIST-SW-02,22.2,9.4,97.6,92.6,4.6,5.3,4.7
DIST-S-06,12.0,8.0,82.0,95.7,7.8,3.6,3.2
DIST-S-06,9.9,8.5,99.9,93.5,6.2,3.9,3.5
DIST-W-09,34.4,4.1,99.5,82.4,9.7,5.0,4.7
DIST-E-08,10.3,8.6,83.3,80.6,6.5,8.1,1.4
DIST-SW-02,19.5,7.7,77.2,81.8,5.8,3.4,4.8
DIST-SW-10,36.4,4.4,91.2,97.5,8.1,2.7,3.0
DIST-SW-10,18.9,7.2,89.8,96.2,9.7,4.1,1.1
DIST-SW-10,9.1,3.6,78.5,89.2,6.2,4.5,2.4
DIST-S-06,6.5,5.0,90.6,91.6,9.4,6.6,2.8
DIST-NW-03,14.3,5.2,79.1,83.0,5.7,8.9,1.5
DIST-NW-03,23.2,6.0,77.1,85.1,7.0,4.3,4.2
DIST-S-06,23.8,6.1,93.8,87.4,3.0,6.9,4.9
DIST-CEN-05,38.4,5.1,92.7,92.0,9.8,5.1,2.5
DIST-W-09,31.9,3.9,87.9,88.2,2.7,6.5,3.4
DIST-E-08,8.9,4.2,78.8,84.8,7.1,1.6,2.0
DIST-NW-03,24.8,8.9,75.1,91.7,6.6,3.9,4.4
DIST-NE-01,43.2,8.9,87.7,81.4,5.3,7.0,1.5
DIST-S-06,31.1,5.4,85.6,81.5,9.2,6.1,1.1
DIST-W-09,28.8,4.3,77.5,97.6,7.1,8.1,3.3
DIST-S-06,33.8,9.0,96.9,85.0,2.8,5.9,4.3
DIST-SE-04,38.3,7.9,90.9,98.0,4.8,9.3,3.8
DIST-NW-03,29.9,8.7,77.4,85.0,5.7,5.5,2.9
DIST-NE-01,38.1,8.7,94.8,96.7,6.2,4.5,4.4
DIST-E-08,7.7,4.3,87.3,85.2,9.1,0.1,1.5
DIST-NW-03,29.5,7.6,94.5,100.0,3.6,7.9,4.1
DIST-SW-02,6.4,7.5,75.8,93.1,1.7,6.2,2.2
DIST-CEN-05,15.9,7.8,85.6,82.3,1.8,7.3,4.1
DIST-SE-04,31.6,7.5,75.1,90.1,6.3,0.8,4.7
DIST-SW-02,19.4,4.5,79.1,96.4,7.8,1.4,2.4
DIST-CEN-05,5.3,9.2,88.4,96.2,6.0,4.3,3.9
DIST-S-06,16.4,9.4,77.1,83.4,1.3,2.9,2.8
DIST-NE-01,41.1,3.2,91.1,87.8,3.2,0.6,1.2
DIST-SW-10,35.9,8.5,96.6,83.3,6.5,2.6,1.0
DIST-SW-02,37.5,3.2,82.0,86.7,2.0,3.6,2.9
DIST-SW-10,14.8,3.2,84.3,80.5,5.9,6.3,0.7
DIST-S-06,40.6,7.8,95.4,88.7,2.8,8.1,2.2
DIST-NW-03,25.5,5.9,80.2,95.8,1.1,8.8,2.3
DIST-NW-03,14.4,4.2,80.8,85.4,5.1,7.1,5.0
DIST-SW-10,30.3,8.4,80.6,90.1,8.7,4.3,4.7
DIST-W-09,36.9,4.7,78.9,82.0,9.8,9.1,5.0
DIST-SW-02,18.0,7.2,99.2,99.0,1.2,7.8,3.8
DIST-SE-04,31.9,3.8,94.9,84.8,1.0,8.2,3.6
DIST-SW-02,18.9,9.0,75.1,88.4,4.9,7.9,2.3
DIST-CEN-05,23.6,8.4,84.2,92.6,1.8,2.1,4.1
DIST-S-06,27.4,8.3,92.5,82.3,2.0,3.5,3.7
DIST-E-08,14.7,4.7,79.3,83.3,2.2,9.3,3.5
DIST-SW-02,8.3,6.6,87.9,81.8,6.9,4.6,3.4
DIST-CEN-05,24.0,3.7,77.5,91.3,4.8,8.8,0.6
DIST-NW-03,8.9,5.7,77.1,89.2,2.2,2.4,3.7
DIST-W-09,30.6,7.0,93.2,95.7,7.7,0.8,2.9
DIST-SW-10,37.9,8.0,90.0,82.3,4.3,7.6,4.9
DIST-W-09,32.0,4.7,81.6,91.5,6.5,3.8,1.4
DIST-SE-04,43.9,7.1,83.9,90.9,4.1,8.3,3.5
DIST-CEN-05,6.5,4.5,92.7,99.9,3.4,8.2,1.2
DIST-E-08,23.2,6.4,96.4,86.0,4.0,9.3,2.8
DIST-CEN-05,5.9,3.3,76.4,96.7,3.3,3.6,1.4
DIST-SW-10,20.2,6.6,91.1,85.4,9.9,6.5,3.5
DIST-NW-03,13.1,5.8,80.8,88.9,5.8,6.7,2.7
DIST-N-07,39.1,6.5,80.5,82.1,3.7,9.7,4.7
DIST-NE-01,15.5,4.0,92.5,91.2,9.3,5.4,3.6
DIST-SW-02,20.1,9.3,91.4,94.1,6.0,6.5,2.7
DIST-CEN-05,10.5,6.1,82.3,83.6,1.2,3.5,1.6
DIST-SE-04,33.1,3.2,83.1,80.7,9.0,1.6,2.1
DIST-W-09,32.3,6.8,77.2,94.0,7.1,6.5,4.7
DIST-W-09,36.9,3.3,93.2,95.4,9.2,6.2,1.9
DIST-SE-04,14.5,7.9,88.1,96.8,6.9,6.7,3.0
DIST-N-07,35.3,6.3,84.4,99.4,3.3,4.4,2.6
DIST-E-08,32.7,6.2,91.9,89.6,5.5,6.0,2.5
DIST-SE-04,15.4,5.0,99.2,81.8,5.5,8.5,3.9
DIST-S-06,41.7,9.0,93.8,90.6,6.2,9.0,1.0
DIST-W-09,43.8,4.8,82.5,99.8,5.9,9.3,3.9
DIST-SW-10,35.4,4.3,87.4,95.1,1.2,5.9,2.5
DIST-CEN-05,29.8,7.9,92.2,89.4,6.6,3.8,3.9
DIST-NE-01,42.8,3.1,85.6,93.7,6.7,3.5,0.7
DIST-NE-01,32.4,5.8,79.7,80.7,7.8,1.6,4.3
DIST-SE-04,35.3,4.9,88.8,93.0,4.6,6.3,4.2
DIST-SW-10,32.7,5.1,79.8,98.7,7.0,9.9,4.7
DIST-SW-10,30.6,7.3,79.2,99.6,7.6,5.8,1.2
DIST-E-08,8.5,7.2,92.6,93.2,6.4,6.5,3.1
DIST-S-06,40.2,3.7,78.6,89.4,6.0,5.8,4.0
DIST-CEN-05,31.7,6.7,77.2,98.8,7.0,3.7,3.8
DIST-S-06,17.8,8.2,98.6,97.3,8.7,6.4,4.8
DIST-SW-02,17.0,6.5,78.2,81.0,8.9,8.3,1.3
DIST-SW-02,10.3,5.2,88.2,97.1,3.1,2.8,1.0
DIST-SW-02,12.5,7.9,81.1,91.8,2.9,7.9,3.3
DIST-NW-03,22.6,5.7,76.4,89.3,8.3,3.5,1.6
DIST-W-09,34.7,5.5,75.5,98.6,6.4,3.6,2.6
DIST-SW-02,11.8,6.8,99.1,97.6,5.6,1.2,3.4
DIST-SW-02,7.3,8.4,95.0,97.0,8.8,3.4,4.3
DIST-W-09,44.5,7.3,100.0,87.1,2.9,0.1,2.4
DIST-N-07,30.8,9.1,96.8,81.0,3.4,2.9,2.4
DIST-W-09,21.7,5.7,87.5,94.1,2.3,2.0,1.5
DIST-S-06,5.0,6.0,84.1,80.5,2.1,6.2,2.1
DIST-SW-02,42.7,5.4,81.3,95.9,4.8,9.3,3.4
DIST-N-07,40.5,7.3,85.4,85.4,1.4,0.5,3.5
DIST-NW-03,9.4,5.8,85.2,97.1,1.5,8.6,1.3
DIST-S-06,33.3,3.7,80.3,84.0,7.8,3.9,2.6
DIST-W-09,10.3,8.1,88.6,96.6,3.1,2.9,1.1
DIST-NE-01,38.7,5.5,95.5,99.8,7.2,9.1,3.3
DIST-W-09,44.5,5.2,78.1,89.9,7.1,2.9,3.9
DIST-SW-02,42.1,6.5,80.5,83.1,4.3,5.4,0.7
DIST-SE-04,36.0,8.7,95.2,99.2,4.0,9.4,1.5
DIST-SW-02,14.8,9.3,78.6,80.7,7.1,3.1,1.6
DIST-S-06,24.4,5.0,96.5,98.9,7.9,2.7,2.4
DIST-NE-01,33.3,6.2,88.4,94.3,6.1,0.3,2.4
DIST-SW-02,41.9,4.1,97.1,82.6,6.7,6.8,2.6
DIST-S-06,31.3,3.3,88.7,89.5,1.3,5.4,3.5
DIST-SE-04,24.5,6.6,92.8,94.3,4.5,0.1,4.3
DIST-CEN-05,10.8,4.2,98.3,98.1,4.7,6.1,3.5
DIST-NW-03,35.5,8.4,80.9,86.9,8.6,6.0,4.7
DIST-W-09,44.8,8.9,83.8,88.9,4.8,9.7,0.9
DIST-N-07,25.8,6.6,89.1,86.1,7.0,5.2,0.9
DIST-S-06,35.1,4.2,77.2,88.8,8.2,9.0,1.3
DIST-SE-04,38.5,3.8,97.1,91.1,6.8,4.6,0.8
DIST-NE-01,31.1,4.3,99.6,90.5,7.2,7.6,1.4
DIST-N-07,42.5,9.0,87.7,82.3,8.7,7.3,1.7
DIST-SW-10,41.8,5.9,79.9,80.3,8.5,1.7,2.9
DIST-SW-10,23.8,6.6,98.2,99.8,6.2,4.6,4.7
DIST-N-07,17.6,4.3,91.9,87.4,4.4,1.9,1.5
DIST-NE-01,12.9,6.2,99.2,97.5,2.6,0.3,1.8
DIST-N-07,23.3,8.9,91.2,84.4,7.8,4.0,0.9
DIST-SW-10,9.0,7.7,75.4,96.4,2.8,9.1,2.0
DIST-NE-01,6.0,3.3,85.1,86.0,2.2,2.5,2.8
DIST-N-07,26.4,9.5,76.6,82.2,2.7,9.5,1.9
DIST-S-06,9.4,6.8,83.8,91.0,2.5,3.2,2.8
DIST-CEN-05,14.8,7.9,88.8,95.1,2.6,2.6,0.7
DIST-W-09,11.1,4.7,77.4,97.1,5.8,7.2,1.2
DIST-SW-02,25.2,5.5,77.2,82.8,2.9,0.3,4.6
DIST-NW-03,23.5,9.3,88.4,91.8,2.5,2.3,2.8
DIST-CEN-05,13.7,6.0,85.1,80.2,6.8,3.9,3.8
DIST-SW-02,40.4,7.8,92.0,92.4,2.5,8.1,1.0
DIST-SW-02,38.2,3.4,99.9,86.6,8.1,6.0,2.9
DIST-NE-01,34.4,4.0,77.5,89.0,4.5,10.0,2.1
DIST-NE-01,8.5,4.0,81.5,98.4,8.8,5.4,4.2
DIST-SW-10,33.5,6.8,87.1,85.4,8.2,8.7,2.3
DIST-NW-03,44.7,4.9,87.3,92.5,2.3,5.6,0.7
DIST-SW-02,26.6,5.4,90.8,89.1,3.7,2.6,4.9
DIST-CEN-05,26.9,5.2,85.2,90.0,3.4,5.8,4.8
DIST-NW-03,18.8,6.0,75.7,98.5,1.0,7.3,0.6
DIST-NE-01,14.2,7.3,84.5,84.2,6.9,9.5,5.0
DIST-N-07,42.9,3.8,77.8,98.9,2.3,9.8,3.0
DIST-SW-02,20.5,4.7,78.8,92.0,9.0,2.0,2.3
DIST-NE-01,9.1,9.0,75.7,97.4,5.9,2.5,0.9
DIST-E-08,23.7,3.3,93.0,89.2,6.9,1.9,4.0
DIST-CEN-05,23.6,7.1,75.1,94.6,4.5,5.3,3.4
DIST-NW-03,27.4,6.8,78.0,85.5,7.2,5.8,4.0
DIST-NE-01,25.4,3.3,83.8,82.6,4.5,0.6,3.8
DIST-CEN-05,26.1,5.4,97.4,90.7,8.1,3.5,4.1
DIST-E-08,33.1,3.0,94.3,92.0,5.4,2.1,2.3
DIST-E-08,14.5,4.9,93.4,82.6,2.6,7.6,0.6
DIST-SW-02,6.9,6.7,79.2,81.7,1.2,4.7,2.8
DIST-NE-01,15.8,9.1,97.9,99.4,2.9,2.8,4.7
DIST-E-08,38.9,8.6,83.0,86.5,7.7,7.0,3.4
DIST-S-06,10.1,4.1,83.6,88.9,7.2,2.0,3.2
DIST-E-08,6.2,4.8,91.8,98.4,4.9,4.2,4.7
DIST-S-06,10.7,5.3,75.1,85.1,2.3,7.5,2.2
DIST-E-08,28.1,6.9,90.1,91.9,2.3,6.6,0.7
DIST-SW-02,30.1,7.5,92.9,84.1,6.4,8.4,3.5
DIST-SW-02,36.4,3.6,90.6,83.1,9.4,1.1,2.0
DIST-CEN-05,29.8,8.5,79.4,81.7,3.2,9.5,4.7
DIST-N-07,19.3,5.4,75.1,89.6,8.3,1.2,0.9
DIST-SW-10,30.6,8.4,77.6,96.8,7.1,4.6,3.2
DIST-SW-02,23.0,4.0,81.2,93.5,9.2,3.7,3.3
DIST-S-06,27.6,4.2,75.2,94.5,8.9,0.1,4.1
DIST-W-09,16.1,3.5,78.5,88.2,3.1,0.2,4.1
DIST-E-08,42.8,3.4,78.0,92.2,6.8,8.8,4.8
DIST-SW-10,28.7,6.6,84.7,89.4,4.5,4.0,4.1
DIST-NE-01,8.5,6.8,97.9,92.1,5.3,6.5,0.6
DIST-SW-02,20.2,4.2,79.4,82.4,9.3,3.6,2.4
DIST-SE-04,9.1,5.5,96.9,95.0,2.9,0.9,3.7
DIST-SE-04,8.0,7.0,83.9,98.8,5.5,1.5,1.6
DIST-S-06,11.3,6.9,77.2,87.4,9.9,5.8,1.1
DIST-E-08,25.7,4.9,93.4,80.9,7.3,6.1,1.6
DIST-W-09,41.7,7.3,77.7,84.3,9.7,3.3,0.5
DIST-NW-03,41.0,7.0,83.5,98.4,8.3,6.8,4.4
DIST-S-06,25.8,7.3,76.1,82.7,3.6,8.5,3.6
DIST-N-07,21.5,3.9,81.8,96.9,3.2,9.0,1.9
DIST-NW-03,22.6,4.3,81.4,91.7,6.4,3.6,4.2
DIST-W-09,23.0,7.0,93.2,84.7,9.6,3.3,3.7
DIST-W-09,33.0,7.7,90.9,86.5,6.1,1.7,1.1
DIST-CEN-05,37.4,5.6,88.4,97.8,6.8,7.4,3.1
DIST-SE-04,7.8,3.5,79.6,83.4,2.4,0.7,4.2
DIST-N-07,9.9,5.0,99.1,80.6,3.2,5.9,1.6
DIST-N-07,21.3,3.2,88.7,91.4,1.8,2.8,0.7
DIST-CEN-05,5.3,3.5,86.7,96.6,7.6,7.5,0.7
DIST-NE-01,38.2,8.3,80.6,87.2,2.1,4.8,1.8
DIST-S-06,38.3,3.3,94.3,99.3,6.8,2.1,5.0
DIST-SW-02,8.8,5.0,99.3,96.0,6.6,4.1,2.8
DIST-SE-04,7.9,5.0,85.5,99.5,2.8,6.9,2.7
DIST-E-08,16.3,3.1,82.0,89.0,3.4,3.9,4.1
DIST-W-09,35.3,6.9,81.0,94.6,3.9,6.0,2.2
DIST-S-06,18.9,4.5,82.7,83.0,1.3,7.9,4.3
DIST-CEN-05,18.2,3.2,98.8,85.2,6.7,8.7,3.3
DIST-W-09,30.1,4.9,76.6,87.8,10.0,8.2,4.8
DIST-SW-02,25.2,7.3,91.7,89.8,8.2,9.3,1.8
DIST-NW-03,8.3,3.2,91.7,87.8,1.9,2.0,2.2
DIST-E-08,28.3,3.8,91.9,84.8,8.7,2.1,1.4
DIST-NE-01,9.5,5.9,95.4,86.4,7.4,5.9,4.1
DIST-E-08,10.0,9.3,87.7,97.1,5.0,2.1,3.4
DIST-NW-03,25.0,6.4,89.5,96.6,7.3,3.9,0.8
DIST-SW-10,13.8,9.3,95.5,80.5,2.0,4.5,2.3
DIST-SW-10,23.8,6.8,87.5,80.3,3.5,7.4,4.2
DIST-SW-02,6.2,4.2,76.9,95.1,5.1,8.4,2.8
DIST-SW-10,24.6,8.3,84.4,98.2,6.5,4.5,4.9
DIST-E-08,42.8,8.3,76.4,98.6,8.7,9.3,2.4
DIST-SE-04,35.8,7.4,89.9,94.8,2.6,9.9,2.1
DIST-SW-02,42.9,5.3,84.3,89.4,6.8,8.5,2.4
DIST-NE-01,32.7,5.4,83.2,85.7,2.5,4.9,4.3
DIST-SE-04,42.7,6.7,85.2,84.0,8.3,7.4,1.9
DIST-N-07,27.2,8.1,82.9,92.6,6.8,4.5,1.4
DIST-W-09,29.3,8.1,93.3,97.3,7.1,4.8,0.5
DIST-SW-02,30.4,3.1,92.3,87.1,8.8,1.0,4.5
DIST-SW-10,29.4,4.8,86.7,85.2,3.4,0.9,4.9
DIST-S-06,28.5,8.8,90.9,80.3,4.4,7.1,3.1
DIST-S-06,7.0,6.7,83.8,83.2,4.2,8.2,2.3
DIST-SW-02,8.8,8.4,85.1,98.7,8.8,4.9,2.7
DIST-SW-02,5.7,7.7,92.4,99.3,6.5,8.3,1.7
DIST-SW-10,8.3,7.6,84.0,94.8,4.1,2.4,1.9
DIST-W-09,24.7,8.8,75.7,95.6,4.1,1.5,2.0
DIST-NE-01,40.9,6.7,92.6,84.7,1.3,4.7,1.7
DIST-W-09,26.0,5.8,83.8,81.0,4.1,2.1,4.5
DIST-S-06,18.3,8.0,85.5,91.1,5.0,9.4,4.1
DIST-SE-04,35.6,9.3,95.6,80.0,9.8,4.3,1.9
DIST-SW-02,8.3,4.4,96.3,85.9,9.5,4.4,1.2
DIST-CEN-05,26.4,6.3,81.0,83.5,4.6,1.4,4.6
DIST-NE-01,10.8,7.2,93.0,94.9,4.8,0.4,0.6
DIST-NE-01,12.3,5.2,86.3,94.9,1.6,7.5,4.0
DIST-E-08,38.8,9.3,84.4,84.5,2.7,4.6,2.5
DIST-E-08,7.2,3.7,83.8,90.8,4.6,7.9,3.3
DIST-NW-03,13.9,4.4,80.9,83.6,3.2,2.5,4.5
DIST-NE-01,9.3,5.8,75.3,88.9,5.0,4.3,3.0
DIST-SE-04,40.6,7.6,97.4,80.3,5.9,8.3,3.0
DIST-E-08,26.0,8.8,92.6,99.3,3.6,9.8,0.7
DIST-SE-04,31.8,7.4,94.0,91.5,4.0,4.0,3.8
DIST-N-07,35.6,4.5,95.6,86.2,4.9,0.8,2.9
DIST-S-06,7.7,7.6,78.6,87.5,5.0,6.4,4.3
DIST-SW-02,16.2,8.4,98.9,87.1,4.6,2.1,2.9
DIST-SE-04,23.9,3.7,81.1,87.1,1.1,4.3,2.3
DIST-SW-02,34.0,6.7,89.7,84.3,8.7,0.5,0.9
DIST-SE-04,33.6,8.8,82.0,94.4,2.1,1.8,1.8
DIST-SE-04,31.3,6.2,94.1,89.9,3.3,1.5,2.7
DIST-SW-02,7.3,4.0,99.3,93.6,2.2,0.6,1.4
DIST-W-09,17.6,4.5,84.3,92.2,1.8,4.1,3.5
DIST-S-06,14.5,8.7,91.0,90.1,2.0,2.3,1.3
DIST-CEN-05,27.0,3.1,91.5,88.4,8.7,2.8,4.6
DIST-S-06,15.4,5.2,77.8,90.5,9.6,1.4,0.7
DIST-W-09,9.5,6.9,77.3,99.6,6.2,6.6,3.4
DIST-S-06,28.9,8.8,76.7,97.4,9.0,1.7,2.2
DIST-SE-04,22.6,8.1,92.2,94.0,4.1,3.4,3.3
DIST-S-06,26.6,5.9,96.1,84.9,6.9,9.6,4.0
DIST-NE-01,25.0,9.3,79.5,80.0,7.2,9.3,1.0
DIST-CEN-05,34.8,7.2,95.2,94.9,9.5,2.1,1.2
DIST-W-09,27.0,6.2,78.8,98.4,6.5,3.9,1.3
DIST-W-09,25.1,7.9,82.2,96.6,3.2,5.2,2.7
DIST-N-07,39.2,8.3,77.8,82.0,6.7,4.4,3.0
DIST-SW-10,26.4,9.2,99.1,87.8,5.6,1.2,3.0
DIST-NE-01,39.6,3.0,94.7,98.0,2.5,7.6,1.1
DIST-SE-04,36.5,3.2,92.3,81.5,5.3,2.7,4.2
DIST-N-07,11.5,4.8,87.2,80.2,2.9,5.8,1.9
DIST-NE-01,13.1,5.5,92.1,84.1,2.1,7.5,3.3
DIST-SE-04,15.5,9.3,82.0,95.3,3.5,3.4,1.2
DIST-NW-03,44.9,4.7,89.8,80.7,5.6,1.0,2.5
DIST-SE-04,26.1,7.2,77.2,81.1,2.1,4.4,0.9
DIST-CEN-05,17.5,3.7,92.0,86.6,7.1,6.0,2.6
DIST-SW-02,13.6,9.0,97.7,98.2,6.7,5.8,1.8
DIST-E-08,19.1,5.8,97.0,83.2,5.4,1.5,1.1
DIST-N-07,19.0,4.3,97.7,97.7,1.7,4.2,0.5
DIST-NW-03,29.7,3.9,85.2,81.2,5.1,4.6,3.7
DIST-N-07,11.2,3.6,84.0,96.3,8.0,1.3,4.0
DIST-SW-02,19.4,6.1,78.7,93.3,8.9,9.1,1.5
DIST-SW-10,43.0,6.8,99.7,84.2,4.1,9.1,0.7
DIST-N-07,28.5,6.6,98.2,93.6,9.6,9.7,2.6
DIST-SW-10,21.0,8.2,88.3,83.2,9.9,5.5,0.6
DIST-CEN-05,6.2,5.3,92.9,84.2,4.5,9.0,2.2
DIST-S-06,37.8,3.4,75.3,97.2,3.0,5.7,3.2
DIST-N-07,8.5,6.8,98.3,91.5,4.7,7.6,1.2
DIST-E-08,27.3,8.9,89.4,83.8,8.1,7.3,4.6
DIST-N-07,34.4,7.0,88.6,81.3,7.8,10.0,1.8
DIST-E-08,27.3,6.6,75.5,83.9,3.9,9.0,0.9
DIST-N-07,13.4,6.6,89.3,91.6,2.8,8.6,4.4
DIST-CEN-05,19.7,7.5,96.1,80.7,6.6,3.2,1.6
DIST-SE-04,6.1,7.1,88.2,82.7,2.4,4.5,1.8
DIST-NE-01,5.1,4.9,98.1,82.8,5.1,6.6,2.5
DIST-W-09,27.8,4.9,80.4,91.4,4.6,2.4,2.8
DIST-NW-03,28.7,4.4,86.1,81.8,5.7,3.7,1.8
DIST-NW-03,36.4,3.4,77.4,92.2,3.2,3.0,1.5
DIST-NW-03,25.5,6.8,87.9,94.5,9.0,6.7,2.3
DIST-SW-10,34.9,5.3,94.8,93.2,8.1,3.2,1.1
DIST-N-07,21.3,6.6,92.8,91.9,1.8,4.7,2.8
DIST-S-06,18.6,5.7,80.0,90.2,4.2,8.5,1.0
DIST-SE-04,38.9,3.3,83.2,84.9,3.1,6.9,4.8
DIST-E-08,43.1,4.1,81.1,85.4,5.3,5.5,4.1
DIST-NW-03,38.7,4.4,79.8,93.9,5.3,8.8,2.6
DIST-SW-10,31.9,3.0,98.1,82.7,9.5,7.5,0.8
DIST-N-07,40.5,3.2,87.9,89.5,3.0,4.7,3.4
DIST-NW-03,30.6,8.9,78.1,85.2,6.8,0.6,4.5
DIST-SW-10,40.5,7.8,84.8,86.1,6.7,0.3,3.1
DIST-N-07,25.8,3.7,88.6,82.7,9.4,5.6,1.0
DIST-SW-10,29.4,6.4,77.8,97.3,2.0,4.6,0.7
DIST-S-06,38.8,8.4,84.7,84.4,9.4,5.9,2.4
DIST-E-08,14.5,3.3,76.4,90.2,1.9,5.3,1.0
DIST-W-09,26.0,3.4,78.0,80.5,7.2,6.1,0.8
DIST-CEN-05,8.6,5.7,80.3,88.4,5.9,3.4,4.9
DIST-SW-02,42.0,6.1,95.3,90.6,5.5,1.0,3.4
DIST-NE-01,40.0,3.5,78.3,92.2,8.1,4.8,1.4
DIST-CEN-05,26.8,8.6,87.6,92.0,1.3,8.1,1.9
DIST-W-09,18.2,5.1,75.7,89.5,6.4,6.2,2.8
DIST-N-07,29.4,6.8,85.7,97.0,8.0,7.1,3.7
DIST-S-06,31.3,6.5,91.9,95.4,7.6,5.8,3.0
DIST-NE-01,38.4,6.9,75.7,99.8,2.1,1.7,4.1
DIST-SW-10,36.6,3.4,82.8,80.7,5.5,9.0,3.1
DIST-SE-04,44.2,6.0,83.1,85.4,5.0,0.4,1.7
DIST-SW-02,6.4,7.6,76.7,83.0,2.4,2.5,2.1
DIST-N-07,24.3,6.0,92.8,99.7,4.1,8.3,3.3
DIST-SW-02,22.5,8.9,90.0,95.5,7.1,6.1,1.2
DIST-SE-04,42.3,5.1,84.9,92.2,3.2,6.3,4.9
DIST-N-07,42.9,7.7,93.5,89.8,8.7,0.9,1.2
DIST-NW-03,9.5,5.0,77.6,95.1,5.3,5.0,4.9
DIST-W-09,17.6,7.0,90.1,96.5,4.8,3.9,3.7
DIST-SW-02,19.2,8.1,83.0,82.1,9.5,1.0,5.0
DIST-CEN-05,34.7,8.8,76.6,97.6,2.4,0.5,3.4
DIST-CEN-05,26.8,3.5,85.0,88.5,5.8,3.5,4.1
DIST-SW-10,15.5,9.0,94.0,87.1,1.7,8.5,2.3
DIST-S-06,32.5,6.5,82.8,93.0,5.5,3.8,3.7
DIST-SW-02,31.5,8.0,75.7,80.2,8.7,5.7,3.2
DIST-CEN-05,17.2,6.8,77.6,83.5,9.0,3.4,4.8
DIST-SW-02,30.8,4.1,91.2,86.0,5.1,2.3,4.7
DIST-E-08,8.3,4.8,96.6,92.1,3.1,1.6,4.2
DIST-CEN-05,13.0,7.9,77.8,97.1,9.1,9.6,2.2
DIST-E-08,5.1,3.5,83.1,82.9,5.6,0.5,1.5
DIST-E-08,5.3,7.0,79.9,91.6,3.3,0.4,4.6
DIST-CEN-05,28.5,8.4,75.1,92.1,4.9,0.6,1.0
DIST-SE-04,15.0,5.9,78.2,99.0,5.6,0.4,3.7
DIST-SW-02,44.1,3.2,99.1,97.8,4.5,7.7,0.6
DIST-E-08,40.3,6.7,75.5,99.0,4.8,5.5,4.0
DIST-NW-03,23.2,6.7,81.4,94.7,4.5,8.5,2.7
DIST-W-09,9.8,4.4,97.9,86.8,9.1,1.4,2.2
DIST-N-07,37.8,5.4,75.9,96.2,1.6,7.0,0.5
DIST-S-06,14.8,4.3,96.5,80.7,7.5,3.4,0.7
DIST-SE-04,9.6,8.6,86.3,94.2,8.6,1.1,3.4
DIST-S-06,10.3,4.6,98.1,90.7,8.4,3.4,2.4
DIST-NW-03,40.1,7.3,97.8,81.9,7.6,4.9,3.9
DIST-W-09,34.2,5.4,89.2,88.8,9.1,9.5,3.7
DIST-CEN-05,40.8,5.3,87.7,97.0,8.2,1.8,1.9
DIST-NE-01,31.5,3.6,85.2,91.6,9.2,4.1,0.9
DIST-SE-04,34.7,7.3,93.6,87.5,6.2,2.8,4.7
DIST-NW-03,11.0,3.5,80.6,81.3,8.6,8.7,1.5
DIST-W-09,15.7,8.3,93.6,80.6,2.7,1.5,4.4
DIST-N-07,25.6,5.1,78.1,88.2,1.7,4.2,1.7
DIST-NE-01,35.1,7.9,89.4,84.8,1.4,2.1,2.5
DIST-CEN-05,10.0,8.5,82.7,99.7,2.0,9.9,3.8
DIST-CEN-05,30.4,8.5,92.9,96.3,2.2,6.5,4.2
DIST-CEN-05,19.1,7.1,90.6,85.5,7.8,1.5,4.0
DIST-NE-01,18.5,8.6,82.4,86.3,3.2,7.6,4.0
DIST-NE-01,9.7,4.0,78.9,92.0,2.6,6.4,4.5
DIST-SW-10,12.7,7.9,79.7,99.6,8.4,1.6,3.4
DIST-CEN-05,24.8,4.2,93.6,94.5,9.7,2.1,3.9
DIST-W-09,13.5,7.8,90.4,87.6,6.6,8.3,2.5
DIST-SW-02,30.6,5.3,93.4,92.5,5.8,0.6,4.8
DIST-E-08,31.8,8.2,93.7,99.0,7.8,1.3,0.7
DIST-NW-03,7.8,8.2,96.4,87.2,9.2,9.4,3.6
DIST-N-07,42.5,8.2,93.3,86.8,3.9,4.4,4.4
DIST-SW-02,11.1,6.8,93.5,83.5,3.4,7.8,3.2
DIST-SE-04,27.5,3.4,94.7,94.3,3.6,8.1,4.2
DIST-N-07,16.3,8.6,81.3,93.8,4.4,8.1,0.9
DIST-W-09,7.9,7.0,90.3,84.0,2.6,8.7,2.6
DIST-SE-04,26.1,4.4,91.6,88.6,6.7,4.2,3.5
DIST-NE-01,32.6,4.5,96.0,90.4,3.1,0.6,4.0
DIST-SW-10,9.9,8.0,88.6,98.7,6.5,3.9,1.9
DIST-N-07,42.0,8.2,92.1,86.8,1.8,8.8,0.7
DIST-SE-04,27.4,5.6,77.7,96.0,1.0,5.6,4.9
DIST-N-07,11.2,9.3,99.1,90.2,5.4,3.1,1.1
DIST-SE-04,26.5,3.8,92.8,96.9,2.5,4.8,0.6
DIST-S-06,39.2,9.1,92.0,90.8,3.8,2.3,1.7
DIST-SW-02,43.7,3.4,87.9,90.5,6.2,2.5,1.9
DIST-E-08,5.9,6.3,77.3,92.1,8.4,9.2,3.8
DIST-SW-02,12.5,5.7,89.5,95.2,4.8,6.9,0.6
DIST-NW-03,45.0,3.9,82.5,83.9,6.3,3.3,3.4
DIST-NE-01,39.0,8.0,79.1,97.0,9.8,9.0,1.6
DIST-W-09,12.0,6.0,93.4,97.4,8.3,5.3,2.4
DIST-CEN-05,24.2,6.6,90.3,86.4,6.0,9.8,3.5
DIST-SW-02,20.1,6.1,80.8,80.8,6.1,0.3,1.5
DIST-NW-03,38.4,5.8,90.8,99.4,5.2,0.3,3.3
DIST-SE-04,13.2,5.8,96.1,99.4,1.4,0.3,3.6
DIST-SW-10,35.4,5.2,83.9,84.1,1.0,6.2,4.3
DIST-SW-02,22.4,6.8,88.2,87.8,3.9,5.2,4.6
DIST-SW-02,17.9,7.9,94.7,87.2,6.9,7.3,1.0
DIST-W-09,39.2,3.9,83.6,95.6,3.7,4.3,4.7
DIST-NW-03,10.8,7.6,95.0,93.7,3.4,1.1,1.1
DIST-SW-02,26.3,3.3,77.7,91.0,8.1,10.0,3.9
DIST-SW-10,20.9,7.8,92.6,81.5,2.4,6.7,4.8
DIST-SW-02,7.4,4.2,92.2,93.4,7.1,1.0,1.7
DIST-W-09,10.6,8.8,98.0,84.8,3.3,8.7,3.9
DIST-NE-01,16.1,9.1,93.6,93.6,6.7,3.8,1.0
DIST-S-06,6.9,8.7,78.7,86.8,1.8,1.1,2.6
DIST-W-09,43.5,9.5,85.6,83.9,7.6,9.7,2.2
DIST-NE-01,22.3,3.6,77.6,81.1,8.9,2.3,2.9
DIST-CEN-05,27.8,8.8,81.4,91.7,1.3,7.9,1.3
DIST-NW-03,38.3,4.5,86.1,84.9,2.4,2.2,3.0
DIST-SW-02,33.6,6.2,84.6,92.0,5.7,3.5,2.7
DIST-NW-03,15.7,9.4,89.8,90.9,1.8,9.4,4.4
DIST-N-07,14.7,9.3,94.8,88.8,2.6,2.3,1.6
DIST-SW-02,24.9,7.3,86.3,81.6,4.9,4.2,2.1
DIST-NE-01,27.2,6.6,88.5,96.4,3.6,9.7,2.7
DIST-SW-10,10.2,5.4,85.6,90.2,1.9,0.8,1.5
DIST-NE-01,13.4,8.2,80.9,96.3,3.4,5.1,3.2
DIST-SE-04,7.6,6.1,82.6,86.0,4.6,1.9,3.1
DIST-E-08,35.4,8.3,79.4,89.9,9.2,2.7,4.0
DIST-SW-10,20.6,8.4,99.0,88.0,8.3,4.5,4.7
DIST-N-07,40.8,8.8,94.0,94.6,4.7,9.6,2.8
DIST-SW-10,20.1,9.0,94.9,93.1,6.1,2.5,4.6
DIST-CEN-05,19.5,4.3,96.9,95.0,3.1,3.3,1.6
DIST-NE-01,8.7,9.1,82.4,93.9,7.0,3.6,2.5
DIST-SW-10,42.9,4.6,86.5,90.1,9.2,6.6,1.0
DIST-S-06,6.6,7.2,77.1,84.1,4.8,3.4,1.4
DIST-CEN-05,10.3,9.4,99.9,96.8,6.0,3.5,3.6
DIST-NE-01,14.3,3.7,77.2,82.4,2.0,3.4,0.8
DIST-NE-01,32.4,7.1,75.4,80.5,7.6,3.9,2.6
DIST-SE-04,39.1,9.2,83.2,83.9,5.5,0.5,2.4
DIST-NW-03,44.5,6.3,86.6,90.6,5.3,4.2,1.0
DIST-NE-01,35.4,7.3,77.6,98.1,6.3,1.8,2.0
DIST-NE-01,34.1,9.5,99.6,95.9,1.3,6.9,3.1
DIST-W-09,7.4,7.5,93.1,83.7,1.8,6.2,4.0
DIST-CEN-05,16.3,8.2,85.8,82.4,8.9,8.3,4.9
DIST-SE-04,8.3,7.7,82.5,95.8,6.8,1.8,1.8
DIST-NE-01,22.9,6.1,91.2,83.4,4.3,9.5,1.1
DIST-SE-04,18.3,8.0,87.2,94.8,1.8,4.1,3.0
DIST-NW-03,27.0,7.2,83.6,94.6,2.7,1.8,3.5
DIST-SW-02,38.4,9.0,95.5,91.3,8.4,2.2,1.4
DIST-SE-04,21.5,6.1,92.9,93.9,9.4,6.0,3.5
DIST-SW-10,21.5,8.9,91.3,88.0,2.0,7.3,4.2
DIST-SE-04,37.9,8.1,97.8,85.1,1.1,3.2,3.8
DIST-S-06,29.4,3.8,80.6,100.0,7.6,4.3,3.9
DIST-SW-02,12.6,4.9,82.9,82.9,5.2,5.9,2.8
DIST-W-09,19.3,4.6,89.1,92.4,5.3,1.2,3.2
DIST-N-07,16.7,4.5,83.8,97.5,7.6,1.3,1.8
DIST-N-07,35.9,4.2,91.7,89.9,6.2,1.2,0.9
DIST-N-07,24.7,6.9,92.4,95.4,7.0,2.9,2.7
DIST-S-06,24.6,5.8,78.8,96.8,7.3,5.8,0.7
DIST-SE-04,12.5,4.0,88.9,91.4,9.2,6.4,1.3
DIST-NE-01,42.7,7.4,84.0,85.7,5.9,5.2,1.4
DIST-SW-10,24.3,5.2,80.1,98.1,9.8,8.3,1.0
DIST-NE-01,8.0,5.1,94.2,91.3,6.3,5.1,3.5
DIST-SE-04,23.8,3.5,83.1,91.8,9.7,4.7,2.1
DIST-NE-01,6.2,8.3,87.7,89.3,3.2,8.5,3.9
DIST-SW-02,31.0,7.0,77.3,84.8,2.6,2.0,3.8
DIST-SW-02,28.0,3.4,81.4,83.5,4.0,3.0,1.9
DIST-CEN-05,39.8,7.8,95.7,88.1,1.7,1.2,0.7
DIST-S-06,11.9,5.7,81.9,83.2,4.3,9.0,3.8
DIST-W-09,33.0,8.7,86.5,87.8,4.5,8.9,0.9
DIST-N-07,10.0,5.9,92.1,95.2,7.4,8.4,3.5
DIST-NW-03,13.0,7.2,83.1,82.0,9.9,5.3,1.4
DIST-SW-10,22.4,5.0,96.6,88.9,9.5,6.8,3.9
DIST-E-08,13.4,4.4,89.3,97.4,8.7,9.1,4.1
DIST-E-08,38.6,8.0,98.4,86.3,3.8,3.0,3.0
DIST-SW-02,26.8,7.4,91.6,91.3,2.8,8.3,1.2
DIST-S-06,40.5,4.8,85.5,83.9,6.4,6.7,1.2
DIST-W-09,38.5,5.3,77.3,96.2,4.8,6.3,3.3
DIST-S-06,43.1,8.0,85.8,88.3,8.1,9.6,4.6
DIST-S-06,35.3,4.6,75.1,91.8,3.7,3.2,2.4
DIST-SW-02,8.5,6.9,77.9,95.9,9.3,9.1,1.3
DIST-NE-01,25.8,8.1,88.4,82.7,5.5,0.5,3.4
DIST-W-09,20.5,3.3,91.3,84.2,3.0,4.7,2.5
DIST-SW-10,33.0,8.3,78.4,80.5,1.3,6.2,2.0
DIST-SW-02,23.3,6.1,99.7,89.5,6.0,0.6,1.9
DIST-CEN-05,34.7,4.9,87.0,98.3,4.6,1.5,4.1
DIST-SW-02,31.5,4.2,80.4,98.5,6.1,5.9,2.3
DIST-W-09,34.8,5.4,88.2,94.6,4.2,6.8,0.6
DIST-S-06,12.8,9.3,87.4,95.6,6.2,8.2,1.4
DIST-W-09,14.8,9.4,76.5,80.7,4.9,8.6,1.8
DIST-E-08,21.2,5.9,94.6,97.3,4.1,7.0,4.8
DIST-NW-03,14.7,9.4,90.8,82.9,6.4,2.1,1.6
DIST-NE-01,23.1,4.2,87.7,85.1,5.0,0.1,2.2
DIST-CEN-05,18.5,7.3,75.1,98.5,6.5,4.1,0.9
DIST-NE-01,29.0,4.3,85.8,99.4,3.1,7.3,1.0
DIST-CEN-05,34.6,4.3,97.0,85.6,9.7,0.1,1.2
DIST-S-06,19.0,7.2,94.6,87.1,5.4,0.3,2.5
DIST-N-07,6.6,5.2,96.6,84.4,8.1,6.6,2.5
DIST-SW-10,37.0,6.3,93.1,89.4,4.7,10.0,3.6
DIST-SE-04,10.7,7.0,93.8,80.3,9.3,0.7,4.9
DIST-E-08,43.8,4.4,86.0,89.7,2.8,5.7,4.6
DIST-SW-10,23.3,7.9,87.0,92.3,6.7,9.4,4.6
DIST-SW-10,44.3,6.7,80.6,81.2,6.7,6.3,2.3
DIST-NW-03,22.9,6.7,76.6,86.1,7.4,3.2,1.8
DIST-SW-10,33.3,4.3,97.3,93.5,9.3,8.3,3.9
DIST-SW-02,40.3,5.2,78.3,95.5,7.1,7.6,4.9
DIST-SW-10,42.9,4.8,87.6,87.0,9.2,2.3,3.2
DIST-S-06,17.2,6.5,88.8,90.2,6.5,0.2,4.0
DIST-CEN-05,43.6,3.1,95.0,80.4,7.9,3.8,3.4
DIST-NW-03,9.3,7.6,89.3,82.7,9.5,0.6,0.8
DIST-NE-01,44.0,7.6,88.8,83.8,4.3,2.2,4.8
DIST-NW-03,10.6,8.4,78.3,88.3,2.4,2.3,2.8
DIST-SW-10,37.2,8.7,81.5,84.5,9.6,2.9,3.8
DIST-W-09,34.2,3.6,95.6,94.9,7.0,1.6,2.1
DIST-SW-10,32.7,6.2,95.8,84.9,9.8,1.3,1.8
DIST-SE-04,26.2,9.1,97.4,87.7,9.1,6.5,3.3
DIST-SW-10,17.1,8.0,81.0,89.0,6.5,4.8,2.6
DIST-S-06,8.7,7.0,79.1,80.0,6.4,1.3,3.0
DIST-SE-04,33.8,7.5,86.5,90.3,5.6,8.0,3.1
DIST-NE-01,10.4,6.0,78.8,92.0,7.7,3.1,3.5
DIST-NW-03,41.6,9.5,94.8,89.8,6.7,9.8,3.1
DIST-SE-04,5.1,3.3,89.1,96.3,3.7,0.9,3.1
DIST-E-08,15.5,5.6,80.4,93.8,5.5,8.9,2.3
DIST-SW-10,13.0,9.1,96.5,88.1,3.4,3.3,4.5
DIST-CEN-05,17.4,8.9,96.0,95.2,5.8,0.5,4.1
DIST-NE-01,23.0,8.3,97.5,89.1,9.0,1.6,3.7
DIST-E-08,44.6,5.2,88.9,83.6,7.2,4.2,3.9
DIST-SE-04,14.5,4.9,85.0,97.5,2.7,6.2,0.5
DIST-SE-04,13.1,8.2,80.0,81.8,9.3,8.5,0.8
DIST-NW-03,24.4,6.9,90.2,85.2,4.5,5.8,1.3
DIST-SW-02,39.8,3.7,83.0,89.0,9.4,5.8,2.1
DIST-S-06,36.7,9.1,93.1,94.1,1.7,6.7,1.0
DIST-S-06,20.9,4.8,97.4,91.1,7.2,0.6,1.0
DIST-NE-01,6.9,3.3,77.0,89.3,6.8,3.9,3.6
DIST-N-07,19.7,3.6,97.9,87.2,9.0,6.9,4.1
DIST-SW-10,37.4,4.7,93.2,96.7,2.5,0.8,1.9
DIST-NE-01,18.6,6.7,95.3,87.1,9.0,8.8,2.6
DIST-S-06,13.9,4.1,88.3,95.0,2.1,1.2,0.5
DIST-E-08,5.2,5.7,98.2,90.3,9.1,1.8,2.4
DIST-SW-10,9.0,7.4,76.6,80.4,5.6,5.8,3.6
DIST-NE-01,15.2,3.5,93.8,87.1,4.5,5.4,3.4
DIST-NE-01,32.7,3.1,76.7,87.2,4.1,6.3,4.5
DIST-W-09,37.1,5.0,98.5,85.3,2.3,0.6,1.9
DIST-NW-03,28.3,7.0,88.9,94.7,4.9,9.0,0.8
DIST-NE-01,7.0,6.8,78.7,89.9,7.6,0.5,3.5
DIST-SW-02,23.1,6.6,89.7,82.9,2.7,9.6,1.7
DIST-N-07,43.2,3.9,99.1,81.7,9.2,9.2,5.0
DIST-W-09,10.6,6.6,81.2,91.3,6.7,9.1,4.8
DIST-CEN-05,41.5,5.1,76.2,80.4,7.2,7.8,4.9
DIST-NW-03,7.3,8.7,86.4,97.4,2.0,1.0,3.0
DIST-S-06,44.8,6.5,87.3,89.2,2.5,2.8,4.1
DIST-CEN-05,37.3,9.0,78.5,90.9,4.3,5.6,2.6
DIST-CEN-05,22.9,5.6,80.2,88.7,2.0,4.4,0.5
DIST-W-09,6.2,5.3,75.4,99.0,5.2,3.3,3.5
DIST-W-09,42.6,3.1,81.5,89.8,7.4,2.8,1.0
DIST-N-07,24.2,8.9,88.6,84.7,7.1,0.3,4.2
DIST-S-06,34.2,7.4,77.6,93.1,8.1,7.0,2.7
DIST-NE-01,17.9,7.0,90.4,98.5,4.2,1.7,3.4
DIST-S-06,8.4,3.5,79.3,94.3,6.9,4.9,1.6
DIST-NE-01,38.3,7.9,78.2,92.2,1.6,9.5,3.0
DIST-NE-01,35.6,4.9,91.0,84.9,1.7,1.8,0.6
DIST-N-07,28.2,8.6,94.9,93.6,3.7,6.5,4.3
DIST-N-07,20.2,5.6,96.3,95.8,1.7,9.9,4.5
DIST-SW-02,27.7,9.5,87.4,93.9,1.1,4.2,0.6
DIST-SW-02,27.4,5.4,95.8,87.0,4.7,7.5,2.2
DIST-W-09,9.3,4.3,90.6,90.5,4.0,2.1,1.3
DIST-N-07,32.5,5.0,75.4,82.6,4.9,7.8,0.9
DIST-SW-02,12.9,4.8,84.4,82.8,10.0,7.2,4.9
DIST-NW-03,14.0,4.9,77.2,85.3,7.0,5.5,1.0
DIST-CEN-05,44.7,3.7,75.3,96.5,1.8,0.0,1.8
DIST-SE-04,7.9,5.9,78.7,97.6,8.3,9.9,2.3
DIST-NE-01,27.3,9.3,82.1,96.1,9.4,2.7,2.4
DIST-NE-01,5.2,8.5,96.1,85.0,2.6,0.2,1.2
DIST-S-06,5.6,7.1,90.7,95.8,4.6,0.2,1.7
DIST-NW-03,23.3,8.7,88.3,83.1,8.4,0.8,1.1
DIST-NE-01,19.4,5.5,81.9,88.0,1.8,2.4,1.9
DIST-E-08,19.0,7.1,100.0,82.6,5.2,5.3,2.3
DIST-NW-03,17.4,4.0,84.7,82.4,1.7,3.7,4.4
DIST-N-07,31.8,8.5,80.5,87.5,10.0,5.7,3.2
DIST-S-06,13.3,3.5,97.3,81.5,4.3,2.4,4.8
DIST-CEN-05,12.5,9.1,92.9,86.9,1.3,0.1,3.4
DIST-W-09,19.6,9.4,99.4,98.2,2.1,4.7,2.9
DIST-SE-04,27.4,6.2,79.3,94.5,4.3,3.5,2.7
DIST-NE-01,36.9,6.3,91.4,99.4,10.0,5.8,3.0
DIST-SE-04,13.1,6.8,81.1,97.4,2.1,1.1,3.4
DIST-SW-02,35.3,4.3,96.6,90.4,6.4,5.1,0.6
DIST-SE-04,27.6,3.9,91.1,97.5,8.7,0.6,1.3
DIST-S-06,13.6,8.1,83.9,95.7,8.6,7.6,1.4
DIST-N-07,11.5,3.4,76.6,92.9,9.7,3.6,3.7
DIST-NE-01,34.3,7.9,84.0,86.9,9.0,7.3,3.4
DIST-N-07,20.5,8.1,79.9,80.1,8.1,7.8,3.0
DIST-S-06,10.1,9.3,92.5,83.9,9.5,9.4,4.4
DIST-CEN-05,12.6,9.2,95.5,97.8,9.8,7.0,3.2
DIST-SW-10,14.0,5.2,82.5,96.0,6.3,2.5,3.9
DIST-S-06,33.7,8.6,86.5,82.8,8.2,3.0,1.4
DIST-SE-04,24.6,8.2,91.6,92.0,5.9,7.1,4.8
DIST-W-09,26.5,3.5,91.1,95.3,8.0,4.8,5.0
DIST-S-06,38.2,7.2,96.6,88.7,2.8,8.3,4.9
DIST-S-06,25.2,6.0,94.2,84.8,7.5,8.5,2.8
DIST-N-07,5.4,6.0,81.3,94.5,3.0,3.0,3.9
DIST-NW-03,23.8,5.0,97.4,84.7,5.9,9.0,2.4
DIST-S-06,17.3,7.4,98.4,96.6,5.7,3.4,3.3
DIST-W-09,41.9,7.2,78.1,91.9,9.0,10.0,3.7
DIST-S-06,34.3,6.3,96.7,80.3,2.7,2.7,0.7
DIST-NW-03,25.6,6.0,87.6,91.0,6.0,6.8,0.9
DIST-NW-03,22.6,5.6,96.7,85.6,9.8,2.9,2.1
DIST-SE-04,19.9,5.7,96.9,99.7,3.6,6.8,5.0
DIST-E-08,6.1,7.1,85.4,89.4,8.4,1.0,1.0
DIST-SE-04,23.4,7.4,89.3,82.9,3.5,2.4,2.7
DIST-NE-01,43.8,8.7,90.1,89.3,1.2,8.9,4.3
DIST-NE-01,44.4,8.6,82.6,95.3,9.0,7.9,0.6
DIST-SW-10,34.3,6.4,98.6,85.4,10.0,9.3,2.7
DIST-E-08,13.4,6.1,93.9,97.8,9.6,9.3,4.9
DIST-SE-04,43.3,6.7,85.4,92.6,1.2,5.5,2.7
DIST-E-08,9.9,8.7,83.8,89.9,4.1,2.2,0.5
DIST-SW-10,18.7,3.1,96.8,84.3,2.0,3.7,2.7
DIST-NE-01,20.1,3.3,94.6,99.0,9.3,1.3,1.8
DIST-E-08,28.1,7.7,97.8,98.1,4.4,6.5,4.4
DIST-N-07,17.0,8.1,75.8,95.0,7.9,3.3,3.1
DIST-SW-10,41.5,3.4,93.8,87.6,4.0,3.5,2.2
DIST-N-07,30.9,8.6,89.0,96.1,6.5,4.7,0.7
DIST-NW-03,41.8,9.3,81.0,84.1,6.2,4.2,1.6
DIST-SW-02,22.3,3.7,98.9,84.4,2.8,7.2,4.6
DIST-CEN-05,12.2,6.0,90.7,85.1,8.3,6.3,1.2
DIST-S-06,5.6,6.1,86.1,99.1,8.5,7.1,4.0
DIST-NE-01,18.1,4.7,96.3,87.7,4.4,1.3,4.3
DIST-NW-03,10.2,5.6,92.4,81.7,2.9,7.0,3.2
DIST-S-06,35.6,3.8,79.3,82.9,5.9,2.0,0.6
DIST-W-09,10.1,5.7,93.5,98.9,4.7,8.0,3.3
DIST-NE-01,18.1,4.5,79.2,82.3,9.6,1.4,4.4
DIST-W-09,6.6,3.6,83.5,83.0,4.8,4.1,4.4
DIST-NW-03,8.1,4.3,85.3,84.1,7.3,2.3,1.1
DIST-SW-02,31.6,6.5,79.8,96.7,4.3,3.3,2.4
DIST-CEN-05,44.5,9.0,77.6,84.1,6.4,0.2,1.7
DIST-CEN-05,6.6,3.2,85.0,86.5,3.2,8.5,2.6
DIST-NE-01,22.4,5.9,76.7,95.6,6.3,4.1,0.8
DIST-CEN-05,17.8,5.7,98.3,99.3,1.1,7.1,4.4
DIST-SW-02,12.7,6.1,99.2,81.2,4.8,6.7,2.3
DIST-SE-04,34.8,8.1,97.4,83.5,2.0,9.5,4.4
DIST-E-08,19.0,8.2,78.2,80.5,1.6,2.1,3.0
DIST-SW-02,10.5,4.5,87.4,87.0,9.4,8.2,5.0
DIST-NW-03,5.1,5.7,96.7,85.8,6.9,2.0,4.2
DIST-W-09,21.1,7.0,81.6,88.4,8.1,8.5,3.1
DIST-NW-03,26.0,7.4,79.0,80.5,8.3,9.8,1.0
DIST-SW-10,16.0,7.5,86.8,95.2,5.2,6.9,2.9
DIST-N-07,28.5,6.9,82.6,99.8,5.8,3.2,0.6
DIST-W-09,36.7,6.3,99.6,97.4,3.4,2.8,0.5
DIST-W-09,5.5,6.4,92.5,85.3,9.7,5.2,4.1
DIST-CEN-05,31.6,5.6,94.2,86.5,4.2,7.7,0.8
DIST-SE-04,37.4,4.9,94.3,97.2,2.9,7.8,2.9
DIST-S-06,34.5,3.9,92.4,83.2,2.2,3.9,4.6
DIST-NW-03,11.1,9.5,83.2,99.6,5.4,5.4,1.5
DIST-SE-04,19.7,7.6,87.7,80.3,7.3,0.8,3.6
DIST-CEN-05,6.9,7.2,79.1,88.7,8.9,9.1,1.4
DIST-W-09,16.0,6.8,90.7,82.6,6.0,8.7,4.9
DIST-N-07,14.1,7.3,84.4,89.5,3.0,8.0,4.7
DIST-SW-10,22.5,6.2,85.6,83.6,2.4,9.2,3.2
DIST-N-07,10.1,9.0,77.2,98.9,9.9,2.4,2.1
DIST-SW-10,7.7,5.6,96.8,99.1,4.7,3.3,0.7
DIST-S-06,37.8,8.1,99.2,95.2,2.8,3.2,3.0
DIST-SW-02,5.4,4.3,90.0,95.1,8.4,4.6,4.9
DIST-SW-10,40.9,8.4,76.5,94.9,7.5,9.0,2.2
DIST-S-06,39.3,3.4,95.5,90.9,5.5,8.9,4.4
DIST-SW-10,16.7,6.1,97.7,84.3,5.3,4.7,3.5
DIST-SE-04,42.8,4.4,85.2,81.1,2.7,2.9,0.5
DIST-CEN-05,31.9,8.0,84.9,96.2,8.1,4.4,3.6
DIST-S-06,41.4,5.2,91.9,80.7,6.6,7.6,0.6
DIST-SW-10,41.5,9.1,92.5,80.4,9.8,5.5,1.7
DIST-S-06,44.5,9.2,81.7,93.9,4.8,4.9,3.4
DIST-N-07,14.3,5.3,86.4,97.3,10.0,0.5,0.8
DIST-NE-01,37.3,3.6,76.1,95.3,9.5,5.6,2.0
DIST-CEN-05,12.3,8.3,82.8,93.9,5.9,4.5,3.1
DIST-N-07,5.2,3.5,89.0,81.0,4.5,4.9,4.6
DIST-E-08,11.7,9.4,93.5,88.2,6.2,1.3,4.5
DIST-NE-01,11.0,3.8,90.0,85.4,2.7,0.0,2.7
DIST-NW-03,6.2,6.4,86.2,96.9,7.8,4.9,1.4
DIST-SW-02,44.3,5.1,93.3,95.3,9.4,6.4,1.9
DIST-S-06,7.6,4.9,75.1,99.2,3.9,8.1,2.4
DIST-NE-01,8.6,5.4,83.6,84.6,8.7,0.6,2.9
DIST-SW-02,42.4,4.5,85.3,93.2,2.4,4.8,2.6
DIST-N-07,9.1,3.1,81.5,87.8,2.7,4.6,0.6
DIST-W-09,11.6,4.8,98.6,86.7,7.2,9.3,3.0
DIST-SW-02,28.2,8.8,77.1,98.0,2.0,5.3,1.4
DIST-SW-02,29.2,4.0,97.1,93.8,3.3,2.8,3.7
DIST-NE-01,37.2,4.6,97.6,80.9,8.4,6.8,2.2
DIST-NE-01,27.6,5.0,85.6,91.8,5.6,6.8,4.1
DIST-NE-01,26.7,3.6,97.4,87.3,4.9,5.1,2.5
DIST-CEN-05,31.5,6.2,79.2,94.6,6.5,6.8,3.5
DIST-SE-04,26.6,3.5,89.0,98.0,6.1,0.3,4.5
DIST-S-06,12.8,3.9,90.4,80.2,6.4,0.1,2.5
DIST-W-09,7.4,8.3,98.0,98.2,5.6,1.7,4.2
DIST-SE-04,7.1,8.8,81.3,87.1,9.1,4.7,3.9
DIST-NW-03,8.2,6.3,87.7,93.8,6.5,1.6,3.8
DIST-CEN-05,33.6,7.2,84.3,96.8,2.1,4.3,3.9
DIST-W-09,25.0,5.4,97.4,90.9,9.4,3.9,2.5
DIST-W-09,10.8,7.4,89.5,90.2,4.6,7.4,1.7
DIST-SW-10,31.2,9.3,80.1,95.2,2.4,7.3,0.8
DIST-N-07,24.6,6.7,84.9,82.0,4.2,0.0,2.6
DIST-SW-10,9.3,5.3,76.4,87.5,8.0,8.5,0.7
DIST-SE-04,24.3,9.4,90.9,81.0,8.1,9.4,1.5
DIST-NE-01,26.1,3.4,77.8,96.5,5.9,7.2,0.8
DIST-E-08,44.2,7.5,88.4,86.2,6.8,1.7,2.3
DIST-S-06,6.7,6.9,89.9,85.0,1.8,0.8,3.6
DIST-SW-02,38.6,3.7,99.6,95.7,4.5,8.1,5.0
DIST-NW-03,25.3,7.6,83.3,82.3,8.8,2.6,1.3
DIST-CEN-05,29.3,3.0,82.2,81.3,5.2,9.9,4.7
DIST-N-07,42.1,3.6,78.6,81.5,6.4,5.2,4.7
DIST-SE-04,21.5,7.7,82.2,100.0,1.9,3.8,4.3
DIST-NW-03,6.4,8.1,89.9,87.9,2.9,7.4,0.7
DIST-NW-03,40.9,5.6,75.5,92.6,8.2,5.5,3.3
DIST-S-06,32.1,5.5,99.5,90.3,9.3,1.0,0.6
DIST-NE-01,44.4,9.1,75.2,89.5,1.3,3.5,2.9
DIST-SW-10,5.9,5.5,87.2,88.9,6.6,4.6,0.7
DIST-SW-02,18.8,4.6,80.4,93.4,2.3,6.9,1.1
DIST-NE-01,25.4,4.3,99.5,90.8,2.4,5.8,3.4
DIST-E-08,18.5,5.9,95.5,83.1,8.0,8.9,2.8
DIST-NW-03,23.8,7.4,97.6,83.6,6.4,7.0,1.9
DIST-E-08,24.6,8.7,84.4,82.9,3.1,5.2,3.0
DIST-W-09,27.3,8.4,78.9,91.1,8.2,5.3,1.9
DIST-SE-04,24.8,3.0,79.3,87.1,8.1,2.0,2.6
DIST-W-09,28.9,7.0,79.4,92.9,1.3,8.4,2.4
DIST-E-08,11.5,5.6,97.1,96.3,3.1,8.0,4.0
DIST-E-08,5.8,9.5,89.4,84.1,8.8,5.1,1.3
DIST-E-08,26.4,3.7,99.9,86.4,6.1,8.2,4.2
DIST-NW-03,34.4,6.6,97.0,83.7,9.8,8.8,4.7
DIST-SW-10,38.9,8.9,85.5,85.7,2.2,2.1,4.2
DIST-SW-10,22.6,8.0,88.4,86.4,3.4,2.0,1.8
DIST-NW-03,5.4,5.8,94.4,93.6,6.4,0.8,3.4
DIST-W-09,36.2,3.7,89.8,88.6,2.7,8.4,2.6
DIST-SW-02,31.0,8.5,89.6,82.9,9.3,9.6,1.9
DIST-S-06,12.4,4.4,86.7,82.7,3.3,2.9,4.4
DIST-W-09,42.6,9.4,84.3,88.2,3.2,4.4,3.7
DIST-SW-10,28.0,4.0,89.2,89.4,4.3,8.7,4.6
DIST-S-06,14.4,4.7,80.4,80.2,2.4,1.9,4.1
DIST-SW-02,21.9,4.8,81.1,88.7,5.1,9.3,4.3
DIST-W-09,26.2,3.6,83.1,83.1,3.3,8.5,0.7
DIST-SW-02,29.6,7.0,76.4,90.5,7.7,7.1,1.9
DIST-N-07,39.7,6.4,86.0,98.3,9.0,4.7,3.1
DIST-S-06,29.8,7.4,75.7,91.0,4.7,2.7,4.7
DIST-SW-10,37.8,7.3,98.5,90.7,9.3,9.9,4.5
DIST-NE-01,42.3,6.7,99.5,87.4,8.2,9.1,4.2
DIST-NE-01,33.7,3.7,82.8,94.9,3.8,2.2,4.5
DIST-W-09,26.5,6.0,75.1,95.0,6.2,0.6,3.4
DIST-SE-04,40.4,6.6,96.5,88.9,6.3,3.8,0.9
DIST-CEN-05,8.6,6.9,98.2,92.5,8.5,4.1,1.5
DIST-SW-02,7.3,4.9,95.2,96.9,8.8,8.9,2.7
DIST-SW-10,38.4,3.7,78.9,84.8,5.2,8.1,2.1
DIST-N-07,17.0,7.1,85.1,83.7,6.2,6.6,3.8
DIST-SE-04,42.2,7.2,84.8,91.8,7.3,1.0,0.9
DIST-SE-04,43.2,6.0,93.7,88.9,3.6,6.5,4.9
DIST-S-06,15.6,5.5,96.9,87.1,9.7,0.6,4.8
DIST-E-08,37.2,6.4,83.7,87.9,1.7,0.4,4.8
